sqft_living,bedrooms,bathrooms,age,sqft_lot,floors,condition,grade,price
2397.0,3.0,2.0,36.0,3659.0,1.0,3.0,8.0,892208.0
1889.0,,2.5,12.0,9033.0,1.0,2.0,7.0,895976.0
2518.0,3.0,4.0,21.0,8669.0,2.0,4.0,8.0,1144194.0
,2.0,4.0,25.0,3444.0,,3.0,6.0,1071485.0
1812.0,2.0,2.0,6.0,,1.0,4.0,8.0,867788.0
1812.0,,2.5,8.0,50000.0,1.5,4.0,6.0,1055354.0
3263.0,4.0,2.0,28.0,7993.0,,3.0,5.0,1134902.0
2613.0,4.0,,6.0,12137.0,2.0,1.0,,1092057.0
1624.0,4.0,4.5,,,1.5,3.0,6.0,852882.0
2434.0,3.0,2.5,42.0,4578.0,2.0,,,1051599.0
1629.0,3.0,3.5,14.0,1888.0,2.0,4.0,6.0,1015621.0
1627.0,2.0,3.0,20.0,4607.0,,2.0,10.0,
2193.0,3.0,2.5,24.0,2660.0,,3.0,10.0,1060271.0
500.0,3.0,1.0,27.0,31674.0,1.5,3.0,5.0,676668.0
620.0,2.0,2.5,7.0,7390.0,1.0,3.0,8.0,
1550.0,3.0,,0.0,,2.0,3.0,6.0,
1189.0,4.0,3.0,,,2.0,3.0,10.0,
2251.0,4.0,2.0,16.0,3303.0,1.0,2.0,,956734.0
1273.0,6.0,4.0,,4387.0,1.0,2.0,,976169.0
870.0,5.0,1.5,20.0,8556.0,1.0,3.0,7.0,825528.0
3172.0,4.0,2.5,6.0,18453.0,2.0,4.0,5.0,1101736.0
1819.0,3.0,3.0,15.0,12104.0,1.5,,5.0,892757.0
,4.0,3.0,,9883.0,1.5,,6.0,
860.0,4.0,2.5,20.0,8625.0,1.0,3.0,,834193.0
1564.0,2.0,,11.0,11161.0,2.0,3.0,7.0,855460.0
2088.0,3.0,1.5,3.0,9521.0,2.5,4.0,8.0,1211447.0
1079.0,4.0,2.5,5.0,,,2.0,5.0,
2300.0,3.0,2.5,20.0,8407.0,1.5,,7.0,932154.0
1519.0,4.0,1.5,9.0,,3.0,4.0,2.0,815393.0
1766.0,4.0,3.0,3.0,8646.0,1.0,4.0,9.0,
1518.0,2.0,2.5,,,2.0,2.0,12.0,866922.0
,3.0,3.0,18.0,50000.0,1.0,3.0,6.0,1204858.0
1989.0,3.0,,47.0,,2.0,4.0,1.0,
1153.0,1.0,1.5,,2634.0,,2.0,4.0,633324.0
2658.0,1.0,1.0,9.0,7278.0,3.0,4.0,8.0,1090525.0
,,3.0,34.0,12277.0,2.0,4.0,7.0,880285.0
2167.0,3.0,,11.0,30905.0,2.0,4.0,8.0,1125485.0
500.0,3.0,3.0,18.0,5056.0,,2.0,5.0,687633.0
937.0,3.0,3.5,4.0,2284.0,2.0,4.0,8.0,
2157.0,5.0,3.5,8.0,15575.0,1.5,3.0,8.0,1098550.0
2590.0,3.0,4.0,1.0,2685.0,2.5,4.0,6.0,1135956.0
2137.0,3.0,,,5716.0,3.0,1.0,7.0,
1907.0,5.0,2.5,0.0,6593.0,1.5,,4.0,
,4.0,2.0,0.0,7664.0,2.5,3.0,7.0,
817.0,2.0,1.5,56.0,14063.0,2.0,2.0,9.0,700645.0
1424.0,,2.5,4.0,4689.0,1.5,3.0,6.0,924309.0
1631.0,3.0,2.0,16.0,6509.0,,4.0,,1055973.0
2845.0,,4.0,27.0,8011.0,1.0,3.0,7.0,995394.0
2274.0,2.0,2.5,11.0,9133.0,1.0,4.0,5.0,954867.0
589.0,2.0,2.5,2.0,8762.0,1.0,1.0,7.0,624439.0
2259.0,4.0,2.0,19.0,11485.0,1.5,2.0,7.0,937771.0
1691.0,3.0,1.0,13.0,15915.0,1.0,,6.0,791605.0
1458.0,3.0,,19.0,11093.0,1.5,3.0,4.0,780857.0
2489.0,4.0,2.0,,11647.0,3.0,4.0,6.0,1064037.0
,4.0,1.5,,2285.0,1.0,2.0,,709502.0
2745.0,2.0,2.5,12.0,8435.0,1.5,3.0,,
1328.0,4.0,3.5,,11891.0,,3.0,6.0,
,2.0,3.5,15.0,14518.0,1.0,4.0,6.0,791814.0
2265.0,4.0,3.0,1.0,4656.0,2.0,2.0,10.0,1158433.0
2780.0,4.0,2.0,34.0,4782.0,2.0,3.0,,1036625.0
1616.0,5.0,3.5,1.0,5119.0,2.0,1.0,8.0,993446.0
1851.0,2.0,3.5,5.0,12445.0,1.0,,7.0,939611.0
1114.0,2.0,1.5,25.0,,2.0,3.0,8.0,723087.0
1043.0,,3.0,13.0,5849.0,1.0,4.0,5.0,805666.0
2650.0,3.0,2.0,7.0,16753.0,1.0,3.0,10.0,1212738.0
3084.0,3.0,3.5,9.0,8944.0,1.0,3.0,7.0,1180724.0
1942.0,5.0,4.5,28.0,,1.0,3.0,9.0,998837.0
2802.0,,,6.0,6842.0,1.0,2.0,6.0,978322.0
2289.0,3.0,3.5,30.0,14724.0,1.0,3.0,4.0,868156.0
1483.0,4.0,2.5,1.0,,3.0,5.0,8.0,1027512.0
2289.0,3.0,4.5,,50000.0,,4.0,1.0,999119.0
,4.0,2.5,28.0,4097.0,1.0,4.0,7.0,1083817.0
1971.0,2.0,3.5,3.0,12264.0,1.0,4.0,5.0,906487.0
3251.0,3.0,1.0,8.0,5306.0,2.0,,7.0,1034060.0
500.0,1.0,2.0,2.0,,1.0,3.0,11.0,736571.0
2657.0,2.0,1.0,18.0,8032.0,2.5,,7.0,950434.0
2069.0,,4.5,11.0,9044.0,3.0,3.0,9.0,
1760.0,2.0,3.5,,50000.0,1.0,2.0,7.0,941756.0
2073.0,3.0,3.5,3.0,6993.0,,3.0,7.0,928148.0
500.0,3.0,4.0,3.0,3280.0,1.0,3.0,10.0,
1824.0,3.0,1.5,0.0,10081.0,2.0,,9.0,1135047.0
2285.0,5.0,2.0,,1541.0,1.5,4.0,8.0,1058019.0
3182.0,1.0,1.0,12.0,7528.0,1.0,4.0,5.0,
,,2.0,29.0,,1.0,2.0,7.0,838947.0
1353.0,5.0,2.0,,15301.0,,1.0,,839645.0
1598.0,4.0,2.5,8.0,17657.0,1.5,3.0,6.0,882522.0
2732.0,5.0,2.0,45.0,5416.0,1.0,,7.0,936009.0
2263.0,2.0,1.5,19.0,7183.0,2.0,3.0,9.0,1049386.0
1576.0,3.0,1.5,39.0,4390.0,2.0,,9.0,924133.0
2410.0,3.0,1.5,11.0,3286.0,2.5,3.0,,985878.0
2077.0,4.0,4.5,4.0,10382.0,1.0,3.0,,823407.0
2774.0,6.0,,0.0,2925.0,,3.0,9.0,1263668.0
1438.0,3.0,4.0,19.0,5815.0,2.0,3.0,4.0,832731.0
,4.0,2.0,1.0,3655.0,1.0,3.0,7.0,884438.0
1686.0,2.0,2.0,5.0,12578.0,2.0,3.0,2.0,772510.0
829.0,4.0,3.0,11.0,,1.5,3.0,6.0,762742.0
2236.0,3.0,2.0,12.0,2860.0,2.5,2.0,,1140914.0
,6.0,2.0,13.0,1840.0,1.0,3.0,4.0,
,,2.0,2.0,7332.0,2.0,4.0,6.0,981478.0
1812.0,3.0,1.5,7.0,8205.0,1.0,4.0,6.0,914566.0
867.0,2.0,2.0,14.0,9652.0,3.0,,10.0,890369.0
,2.0,2.0,52.0,5669.0,1.0,,9.0,
,3.0,,19.0,6901.0,,,5.0,916106.0
1358.0,3.0,1.0,38.0,10872.0,,,3.0,681123.0
1870.0,5.0,2.0,21.0,18626.0,1.0,3.0,7.0,985935.0
2323.0,4.0,3.5,13.0,1695.0,2.0,,6.0,
3508.0,3.0,1.5,,6032.0,3.0,3.0,8.0,
2139.0,,2.0,16.0,9614.0,1.0,,2.0,
2206.0,5.0,3.5,,3887.0,1.5,4.0,4.0,967762.0
1940.0,4.0,1.5,13.0,32368.0,1.5,2.0,8.0,1004499.0
,,1.5,10.0,,1.0,4.0,,643396.0
1978.0,,2.5,,7839.0,,2.0,,957857.0
2048.0,3.0,2.0,6.0,12642.0,1.0,2.0,3.0,900921.0
3970.0,2.0,2.5,10.0,5049.0,1.0,5.0,5.0,1289584.0
,3.0,,3.0,1849.0,1.5,5.0,13.0,1181067.0
2241.0,3.0,1.5,24.0,,1.0,2.0,6.0,890197.0
1972.0,,2.5,3.0,18463.0,2.5,3.0,8.0,1037143.0
1065.0,5.0,2.5,,6188.0,2.0,2.0,,796703.0
,4.0,1.5,,4116.0,1.0,3.0,7.0,1083199.0
2601.0,,2.5,16.0,16992.0,2.0,4.0,8.0,1213616.0
2632.0,3.0,2.0,8.0,6219.0,2.0,5.0,6.0,1125519.0
1272.0,3.0,2.5,4.0,5387.0,3.0,3.0,9.0,952469.0
3122.0,4.0,1.5,12.0,9132.0,,3.0,7.0,1161673.0
878.0,3.0,2.5,6.0,15011.0,,3.0,6.0,
2469.0,2.0,2.0,,50000.0,2.5,3.0,7.0,1060923.0
,,3.5,38.0,15705.0,,4.0,7.0,1283411.0
1207.0,4.0,1.0,10.0,20493.0,2.0,4.0,4.0,809355.0
1546.0,3.0,2.0,5.0,5405.0,2.0,3.0,6.0,870171.0
2079.0,2.0,2.5,20.0,,1.0,3.0,6.0,856647.0
1597.0,4.0,,0.0,8517.0,1.5,,6.0,878525.0
759.0,3.0,2.5,,8828.0,1.0,1.0,8.0,665577.0
,3.0,3.0,6.0,3419.0,1.0,4.0,7.0,935338.0
,,,37.0,7042.0,2.0,3.0,10.0,830598.0
,3.0,3.5,0.0,11152.0,1.0,,5.0,982290.0
1264.0,4.0,2.0,12.0,10810.0,1.5,3.0,6.0,831875.0
3239.0,3.0,2.5,20.0,12129.0,2.5,4.0,8.0,1216043.0
1373.0,3.0,3.5,9.0,10226.0,1.0,2.0,7.0,722616.0
1742.0,5.0,4.5,,,3.0,,7.0,1160831.0
2650.0,5.0,3.5,53.0,5371.0,3.0,4.0,3.0,1028566.0
1015.0,5.0,,,3105.0,2.0,4.0,6.0,867747.0
,3.0,,14.0,33786.0,1.0,3.0,5.0,1034096.0
3045.0,,2.5,4.0,,1.0,3.0,13.0,1248261.0
714.0,6.0,3.0,9.0,6769.0,,,6.0,886519.0
2147.0,,,8.0,3854.0,1.0,3.0,9.0,992497.0
2207.0,1.0,2.5,,50000.0,,2.0,8.0,1052986.0
2625.0,2.0,3.5,1.0,,3.0,3.0,,1011924.0
1010.0,,2.0,,,1.0,3.0,7.0,
943.0,5.0,3.5,4.0,11301.0,2.0,4.0,9.0,1002360.0
2417.0,3.0,2.0,3.0,13097.0,1.0,1.0,9.0,997009.0
2237.0,,2.0,10.0,17436.0,,,4.0,963115.0
2200.0,2.0,2.5,21.0,34409.0,2.5,,6.0,
,,,0.0,12148.0,1.0,,6.0,1026725.0
1455.0,4.0,1.5,12.0,3481.0,1.0,4.0,2.0,709871.0
,3.0,1.5,1.0,6597.0,,4.0,7.0,1076489.0
2234.0,4.0,4.0,0.0,10365.0,2.0,4.0,9.0,1145142.0
1428.0,5.0,1.5,0.0,42386.0,,3.0,6.0,1001742.0
3492.0,,2.5,26.0,,1.0,3.0,8.0,1220231.0
2379.0,3.0,2.5,1.0,21206.0,1.0,1.0,7.0,885826.0
1046.0,3.0,2.5,0.0,9357.0,3.0,1.0,6.0,824260.0
2525.0,4.0,,8.0,15839.0,,3.0,,
1220.0,4.0,2.0,27.0,,1.5,2.0,8.0,
2629.0,4.0,2.5,4.0,,2.0,3.0,9.0,
,4.0,2.0,8.0,14775.0,1.5,2.0,8.0,1163800.0
1343.0,3.0,,0.0,13678.0,1.5,1.0,1.0,629531.0
2770.0,5.0,1.5,8.0,,1.0,,5.0,
2330.0,3.0,2.5,12.0,8017.0,1.5,1.0,,740324.0
,2.0,1.5,12.0,5014.0,1.5,,7.0,1061009.0
3517.0,,2.0,6.0,2328.0,1.0,2.0,8.0,1192111.0
1803.0,,2.0,5.0,,,4.0,4.0,936972.0
1397.0,3.0,1.5,1.0,11374.0,2.0,4.0,9.0,1040569.0
1288.0,5.0,3.5,6.0,3741.0,2.0,3.0,7.0,876941.0
1347.0,5.0,2.0,1.0,5266.0,2.0,3.0,8.0,910951.0
1938.0,3.0,,21.0,5578.0,2.5,1.0,11.0,1114131.0
2272.0,,4.0,50.0,2474.0,,5.0,3.0,925231.0
2221.0,2.0,2.5,52.0,4212.0,2.0,4.0,10.0,1039575.0
2661.0,3.0,,30.0,3271.0,2.0,4.0,4.0,949341.0
2010.0,2.0,2.0,13.0,5825.0,,3.0,6.0,855565.0
3162.0,5.0,3.0,18.0,4487.0,1.0,3.0,9.0,1280450.0
1788.0,,2.0,,,1.0,4.0,,
4176.0,,1.5,,40866.0,2.5,3.0,,1278267.0
,3.0,2.5,,22071.0,1.5,3.0,7.0,1043104.0
1314.0,4.0,3.5,,4345.0,2.5,2.0,,
1143.0,2.0,3.0,21.0,10076.0,2.0,,9.0,889037.0
2385.0,5.0,1.5,4.0,11315.0,2.0,2.0,4.0,880973.0
1821.0,4.0,3.0,5.0,21012.0,2.0,3.0,9.0,1098045.0
,3.0,2.0,38.0,4209.0,2.0,,7.0,951397.0
2378.0,5.0,2.0,0.0,19412.0,1.0,4.0,7.0,1151914.0
1941.0,3.0,3.5,9.0,5227.0,1.5,3.0,6.0,1008028.0
1322.0,6.0,2.0,36.0,2783.0,2.0,3.0,7.0,882924.0
788.0,4.0,2.0,14.0,14462.0,1.0,1.0,,775354.0
1642.0,,1.0,11.0,22756.0,1.0,4.0,7.0,953867.0
2685.0,2.0,3.5,4.0,50000.0,1.0,5.0,11.0,1275500.0
2171.0,5.0,3.0,6.0,3103.0,2.5,4.0,5.0,1022667.0
,3.0,2.5,28.0,14173.0,1.0,3.0,,761774.0
2138.0,2.0,3.0,,5838.0,,4.0,9.0,1115092.0
2308.0,1.0,1.5,,15164.0,1.5,,8.0,1129665.0
1292.0,4.0,2.5,1.0,2498.0,1.5,3.0,7.0,901287.0
2122.0,3.0,2.0,0.0,,2.0,3.0,7.0,891642.0
2046.0,4.0,1.5,49.0,4355.0,1.0,3.0,9.0,906548.0
1085.0,5.0,2.5,7.0,8631.0,2.0,4.0,9.0,979136.0
2286.0,2.0,4.0,,4851.0,2.0,3.0,4.0,932969.0
2448.0,,1.0,1.0,,2.0,3.0,9.0,1078115.0
2866.0,,2.0,,18425.0,1.0,3.0,6.0,1042014.0
2843.0,5.0,2.0,40.0,13090.0,2.5,1.0,5.0,880004.0
897.0,4.0,2.0,12.0,29585.0,2.0,3.0,9.0,864474.0
1249.0,3.0,4.0,2.0,11301.0,2.5,3.0,6.0,927741.0
2412.0,4.0,2.5,13.0,3060.0,1.5,2.0,9.0,990636.0
2411.0,3.0,2.5,21.0,,,3.0,5.0,999294.0
2412.0,3.0,,7.0,,2.5,3.0,1.0,808812.0
5000.0,4.0,1.5,31.0,16786.0,,4.0,,1534313.0
2456.0,3.0,,15.0,,1.5,3.0,4.0,931260.0
2908.0,,2.0,,11676.0,1.0,4.0,8.0,1092368.0
2763.0,3.0,2.5,14.0,2448.0,1.0,,5.0,1039876.0
2521.0,,4.5,2.0,3887.0,,4.0,6.0,
1747.0,3.0,,5.0,23346.0,1.0,3.0,3.0,847912.0
2607.0,2.0,2.0,3.0,7077.0,1.0,,5.0,994971.0
,,3.5,35.0,8635.0,2.5,5.0,8.0,
1810.0,4.0,,21.0,14869.0,1.0,3.0,4.0,855812.0
1611.0,2.0,1.0,,14144.0,2.0,3.0,7.0,861347.0
2065.0,3.0,,5.0,10127.0,1.0,,10.0,
3851.0,2.0,2.0,3.0,6857.0,1.0,2.0,8.0,1319819.0
506.0,3.0,2.5,21.0,6309.0,1.0,5.0,,886012.0
2549.0,3.0,,9.0,16095.0,,3.0,4.0,
709.0,4.0,4.0,3.0,12617.0,2.0,3.0,5.0,792583.0
1622.0,4.0,2.5,14.0,6595.0,2.5,3.0,9.0,976232.0
2871.0,4.0,2.5,0.0,19258.0,1.0,,,1159399.0
,3.0,1.0,5.0,7308.0,1.5,1.0,,805291.0
1137.0,,1.0,9.0,4099.0,1.5,3.0,8.0,819651.0
,3.0,2.5,2.0,4415.0,2.5,,6.0,1008957.0
2543.0,6.0,,62.0,3703.0,2.0,,2.0,855809.0
1415.0,4.0,3.5,3.0,6516.0,1.5,4.0,8.0,864223.0
2173.0,,1.5,2.0,21741.0,,3.0,8.0,1098268.0
2036.0,4.0,1.0,3.0,4255.0,,3.0,7.0,1024391.0
1478.0,3.0,2.0,21.0,9421.0,1.0,2.0,9.0,842577.0
3715.0,4.0,,8.0,4791.0,1.5,3.0,,1226195.0
2507.0,2.0,1.0,12.0,6579.0,2.5,4.0,5.0,946738.0
500.0,2.0,3.0,0.0,2421.0,2.0,4.0,9.0,828329.0
2149.0,5.0,1.5,0.0,6792.0,1.5,3.0,8.0,1115361.0
1470.0,3.0,2.5,8.0,,1.5,,7.0,869291.0
2681.0,4.0,2.0,25.0,12484.0,1.0,4.0,4.0,
1365.0,3.0,1.5,32.0,,1.5,3.0,5.0,741458.0
1908.0,4.0,2.0,1.0,3106.0,2.0,2.0,8.0,958482.0
,4.0,3.5,11.0,19290.0,1.5,,6.0,1186448.0
2692.0,3.0,2.0,36.0,9587.0,2.0,3.0,9.0,
1039.0,3.0,3.0,7.0,9496.0,2.5,5.0,10.0,1009262.0
,3.0,1.5,26.0,8043.0,1.0,,,968138.0
1620.0,1.0,3.0,2.0,5355.0,1.5,,6.0,910249.0
1477.0,,2.0,41.0,9645.0,1.5,3.0,8.0,805838.0
3412.0,4.0,3.0,20.0,11854.0,2.0,3.0,6.0,1225257.0
2323.0,5.0,2.5,42.0,,1.0,3.0,4.0,870139.0
991.0,,4.0,16.0,5265.0,2.0,3.0,2.0,714326.0
2734.0,4.0,2.0,6.0,6608.0,,2.0,6.0,1044711.0
3697.0,4.0,1.0,41.0,9946.0,1.5,3.0,10.0,1178408.0
2825.0,4.0,1.0,4.0,21049.0,2.5,1.0,5.0,965965.0
784.0,,,6.0,4370.0,,4.0,5.0,816519.0
1612.0,5.0,2.5,18.0,5440.0,1.0,3.0,11.0,
3013.0,,3.0,21.0,5377.0,1.0,2.0,2.0,971325.0
1433.0,4.0,2.0,39.0,4267.0,3.0,,8.0,
2355.0,2.0,2.0,,6137.0,3.0,,,1009269.0
2619.0,3.0,1.0,23.0,15012.0,1.0,3.0,2.0,849343.0
1258.0,3.0,4.0,20.0,3487.0,1.0,,10.0,940488.0
,,3.0,0.0,11410.0,1.0,4.0,4.0,977496.0
500.0,3.0,4.0,7.0,2076.0,3.0,1.0,7.0,717823.0
,3.0,2.0,4.0,5171.0,1.0,,5.0,760677.0
1797.0,6.0,,5.0,,1.5,4.0,3.0,
1001.0,2.0,,,,2.0,4.0,,677379.0
,3.0,2.0,15.0,6503.0,1.0,2.0,4.0,988745.0
,1.0,3.5,,1392.0,2.0,4.0,3.0,656934.0
1647.0,,4.0,,1637.0,1.0,3.0,8.0,920647.0
2104.0,5.0,3.5,7.0,8326.0,2.5,,7.0,1035241.0
3153.0,3.0,3.0,24.0,13240.0,1.0,3.0,6.0,1062305.0
851.0,5.0,2.0,8.0,10942.0,2.0,3.0,6.0,851919.0
2930.0,3.0,2.0,30.0,9265.0,,5.0,10.0,1250806.0
2008.0,5.0,4.0,2.0,20533.0,,3.0,,1137873.0
1214.0,4.0,1.0,44.0,5262.0,1.0,3.0,8.0,784174.0
2369.0,,3.0,3.0,16579.0,1.5,3.0,9.0,1140978.0
,1.0,3.0,5.0,,,1.0,,
1519.0,5.0,2.5,21.0,3928.0,2.0,1.0,6.0,773242.0
2055.0,4.0,4.5,7.0,,2.0,2.0,7.0,
1691.0,3.0,2.0,14.0,6503.0,,3.0,,860189.0
2090.0,4.0,2.0,8.0,7808.0,2.0,,7.0,979200.0
2529.0,3.0,1.0,20.0,8877.0,2.0,3.0,6.0,947022.0
3268.0,5.0,2.0,3.0,8514.0,,1.0,12.0,1263877.0
1009.0,2.0,2.0,0.0,3858.0,1.5,3.0,9.0,829409.0
3706.0,,2.0,5.0,,1.0,4.0,6.0,1251155.0
500.0,3.0,3.5,9.0,2445.0,1.0,3.0,8.0,773755.0
1878.0,2.0,4.0,2.0,,1.5,3.0,5.0,984105.0
2470.0,3.0,1.5,6.0,6355.0,1.5,4.0,4.0,913162.0
,1.0,2.0,7.0,5480.0,1.5,4.0,6.0,948042.0
,3.0,4.0,,28887.0,1.0,3.0,6.0,923637.0
1833.0,3.0,1.0,13.0,2999.0,,4.0,1.0,784730.0
1605.0,4.0,1.5,32.0,3292.0,1.0,3.0,9.0,850672.0
,3.0,1.5,2.0,,1.0,,6.0,919724.0
2679.0,3.0,2.5,13.0,7674.0,1.5,3.0,7.0,1115018.0
2285.0,4.0,,16.0,11444.0,1.0,3.0,3.0,811194.0
1445.0,1.0,4.0,8.0,14643.0,2.0,2.0,4.0,752492.0
2719.0,5.0,2.0,18.0,50000.0,1.0,4.0,,1217253.0
2245.0,5.0,2.5,,1340.0,1.5,3.0,7.0,
2650.0,4.0,2.0,10.0,13187.0,1.5,3.0,11.0,1171878.0
2503.0,4.0,2.5,0.0,5188.0,1.0,3.0,13.0,1316707.0
1336.0,5.0,,,5068.0,1.0,4.0,6.0,815204.0
1551.0,2.0,,16.0,4935.0,2.5,4.0,,825537.0
2597.0,2.0,,,3916.0,1.5,3.0,9.0,1082551.0
2488.0,3.0,2.5,6.0,31182.0,1.5,3.0,13.0,1225779.0
1983.0,4.0,,57.0,15896.0,,,7.0,898847.0
2093.0,1.0,3.5,8.0,8254.0,1.5,3.0,,
3022.0,4.0,,10.0,23880.0,2.0,4.0,,1212092.0
1526.0,6.0,1.0,36.0,2416.0,,2.0,6.0,841655.0
,5.0,1.0,18.0,2794.0,2.0,3.0,7.0,1073327.0
1838.0,,2.0,13.0,1418.0,1.0,3.0,9.0,1002000.0
1825.0,2.0,3.0,23.0,4630.0,1.0,3.0,8.0,940209.0
2879.0,4.0,2.0,29.0,9222.0,,3.0,2.0,928931.0
2660.0,4.0,2.0,9.0,8798.0,2.5,3.0,,1038244.0
2650.0,2.0,3.5,9.0,9131.0,1.0,,,877104.0
3044.0,,3.5,7.0,2620.0,1.5,3.0,5.0,1075489.0
2016.0,5.0,4.0,51.0,15406.0,1.0,3.0,10.0,974530.0
2545.0,4.0,,17.0,9815.0,1.0,2.0,2.0,
1751.0,4.0,3.0,1.0,14565.0,1.0,2.0,5.0,
2259.0,5.0,2.0,29.0,1782.0,1.0,4.0,6.0,1061446.0
1895.0,4.0,1.5,9.0,,2.0,,7.0,978706.0
2077.0,3.0,1.5,1.0,3133.0,1.5,3.0,,1015638.0
2476.0,3.0,2.0,11.0,5896.0,1.0,4.0,5.0,
1345.0,3.0,2.0,8.0,,1.0,,4.0,695716.0
3673.0,3.0,,31.0,8715.0,2.0,3.0,,1173988.0
1195.0,4.0,1.5,3.0,4100.0,1.0,3.0,7.0,856914.0
1028.0,4.0,3.0,26.0,8143.0,2.0,3.0,5.0,764069.0
,,2.5,12.0,2379.0,1.0,3.0,,1179539.0
,3.0,2.0,0.0,20337.0,,,,1150734.0
2499.0,4.0,2.5,53.0,6875.0,1.0,4.0,3.0,820313.0
2502.0,4.0,2.0,,19827.0,1.0,4.0,8.0,1083264.0
1990.0,4.0,2.5,,,1.0,2.0,6.0,845728.0
1282.0,4.0,,9.0,5330.0,1.0,2.0,,836208.0
2060.0,3.0,,29.0,4396.0,,3.0,5.0,
1458.0,3.0,,5.0,16332.0,2.0,3.0,,864151.0
2780.0,2.0,2.5,3.0,4593.0,1.0,1.0,8.0,971898.0
1882.0,3.0,,2.0,13570.0,1.0,,10.0,1104409.0
1339.0,3.0,2.0,5.0,5967.0,1.5,3.0,5.0,722915.0
1742.0,4.0,3.0,22.0,1667.0,2.0,4.0,6.0,936994.0
2330.0,5.0,3.0,9.0,5134.0,3.0,4.0,7.0,1186133.0
1549.0,4.0,4.0,3.0,3154.0,,4.0,10.0,1091432.0
1342.0,4.0,3.5,2.0,8325.0,1.5,3.0,10.0,1080516.0
2194.0,3.0,2.5,6.0,3126.0,2.0,,3.0,947051.0
2195.0,4.0,3.0,42.0,16996.0,2.5,3.0,4.0,942628.0
,2.0,3.5,6.0,7533.0,,2.0,7.0,887900.0
1623.0,3.0,2.0,,7029.0,1.0,3.0,4.0,678633.0
2185.0,3.0,2.0,9.0,13694.0,1.0,3.0,,987327.0
841.0,3.0,1.0,2.0,,1.0,2.0,4.0,629606.0
874.0,1.0,3.5,33.0,7973.0,1.5,3.0,7.0,
,2.0,3.5,,,2.0,4.0,10.0,1041094.0
1829.0,3.0,1.5,,1960.0,1.5,2.0,,
2248.0,6.0,2.5,61.0,4680.0,,1.0,6.0,763452.0
,3.0,,0.0,4945.0,,3.0,7.0,1163901.0
2686.0,3.0,1.5,,8827.0,2.0,5.0,9.0,1210797.0
1872.0,,,19.0,6148.0,1.0,3.0,,771492.0
1984.0,4.0,2.0,4.0,14049.0,2.0,2.0,8.0,997972.0
1197.0,3.0,1.0,3.0,4962.0,1.5,,,836280.0
,3.0,2.5,0.0,7741.0,2.5,4.0,,926314.0
1769.0,,,0.0,20893.0,,,6.0,1067760.0
2258.0,,1.0,22.0,10651.0,1.5,3.0,3.0,722493.0
,1.0,3.0,2.0,,,3.0,8.0,1005012.0
2415.0,3.0,2.5,9.0,5006.0,,3.0,5.0,963198.0
,1.0,1.5,13.0,4882.0,1.5,2.0,6.0,1019444.0
1912.0,2.0,1.5,8.0,4103.0,1.0,3.0,,711404.0
2321.0,3.0,2.5,0.0,5256.0,2.0,,9.0,1132555.0
2552.0,4.0,2.0,22.0,14831.0,,5.0,,
1679.0,4.0,4.0,0.0,6785.0,1.0,3.0,7.0,958111.0
2179.0,3.0,3.5,21.0,2752.0,2.5,1.0,7.0,891699.0
,,4.5,33.0,,2.0,3.0,6.0,941851.0
2078.0,5.0,2.0,8.0,,1.5,4.0,5.0,1037658.0
,3.0,4.0,,2629.0,1.0,4.0,8.0,943948.0
2019.0,2.0,,9.0,5690.0,1.0,2.0,4.0,870267.0
2398.0,4.0,2.0,7.0,8854.0,1.0,,4.0,904083.0
3160.0,2.0,1.0,32.0,31687.0,1.0,3.0,8.0,1088634.0
2767.0,3.0,,33.0,3339.0,2.0,3.0,5.0,983507.0
3722.0,3.0,,6.0,,,4.0,6.0,
,5.0,2.5,14.0,24824.0,1.5,3.0,,863374.0
2697.0,3.0,,39.0,4900.0,1.0,4.0,6.0,
2146.0,4.0,2.5,49.0,6489.0,3.0,3.0,,925281.0
,6.0,2.0,10.0,3536.0,1.0,4.0,7.0,1185769.0
1353.0,2.0,2.5,9.0,6885.0,1.0,3.0,7.0,929146.0
1328.0,3.0,2.0,4.0,7869.0,,,8.0,
1520.0,3.0,3.5,47.0,,2.0,3.0,5.0,807675.0
500.0,3.0,3.5,2.0,,2.0,3.0,6.0,780218.0
1579.0,3.0,2.5,13.0,,,3.0,6.0,713724.0
1392.0,5.0,2.0,4.0,1679.0,1.5,3.0,,845292.0
2120.0,4.0,2.0,4.0,7966.0,,3.0,12.0,1155352.0
,4.0,3.5,7.0,10247.0,1.5,3.0,9.0,
3500.0,3.0,2.0,100.0,9892.0,1.5,5.0,4.0,1034460.0
2760.0,4.0,2.0,0.0,6239.0,1.0,2.0,1.0,844103.0
1538.0,5.0,1.5,12.0,8953.0,1.0,4.0,2.0,812231.0
1281.0,4.0,2.5,,,1.0,5.0,5.0,897157.0
2393.0,1.0,,2.0,10997.0,1.0,1.0,4.0,758420.0
,4.0,3.5,8.0,6010.0,2.0,3.0,,
3465.0,2.0,2.0,10.0,,1.0,3.0,9.0,
2943.0,,2.0,4.0,7073.0,1.0,1.0,8.0,1090075.0
,2.0,3.5,5.0,30013.0,1.0,3.0,5.0,814897.0
629.0,4.0,3.5,1.0,6997.0,3.0,4.0,6.0,867045.0
3083.0,,2.0,5.0,7975.0,2.5,1.0,7.0,1069603.0
1908.0,2.0,2.5,,5509.0,,3.0,9.0,889085.0
2990.0,3.0,2.0,,19519.0,1.0,3.0,9.0,1171718.0
724.0,3.0,4.0,6.0,,1.0,,10.0,964408.0
1520.0,,1.5,12.0,11620.0,1.5,2.0,7.0,862320.0
2004.0,,,36.0,8657.0,1.0,3.0,8.0,944792.0
2037.0,3.0,3.0,0.0,8345.0,2.0,3.0,4.0,911639.0
1639.0,4.0,2.5,24.0,1202.0,1.5,3.0,7.0,994752.0
2498.0,2.0,1.0,44.0,14707.0,2.5,4.0,5.0,
1145.0,2.0,2.5,1.0,9021.0,,4.0,6.0,899248.0
1886.0,3.0,2.0,2.0,11414.0,2.0,,7.0,921548.0
2096.0,5.0,1.5,48.0,4586.0,2.0,3.0,5.0,
2411.0,4.0,3.0,11.0,5957.0,,,3.0,990029.0
2569.0,4.0,4.5,0.0,5832.0,1.0,3.0,1.0,
1100.0,3.0,2.5,4.0,18348.0,1.0,3.0,2.0,669607.0
772.0,4.0,3.0,8.0,5984.0,1.0,3.0,1.0,548343.0
3022.0,1.0,,17.0,42878.0,1.0,3.0,4.0,1027660.0
2265.0,4.0,2.0,19.0,11437.0,,5.0,5.0,970970.0
1401.0,5.0,,80.0,2920.0,1.5,,5.0,652143.0
3240.0,4.0,2.5,5.0,7311.0,,4.0,12.0,1375800.0
2092.0,5.0,4.0,11.0,4810.0,1.0,3.0,,959452.0
2943.0,,3.0,11.0,1400.0,3.0,3.0,4.0,1078682.0
,2.0,,7.0,29131.0,1.0,4.0,7.0,985930.0
3648.0,5.0,2.0,2.0,14221.0,2.0,3.0,9.0,
3404.0,2.0,2.5,56.0,12413.0,,3.0,8.0,1230494.0
1800.0,3.0,,28.0,9249.0,1.0,3.0,5.0,790139.0
2777.0,2.0,3.5,10.0,2682.0,2.5,3.0,7.0,985533.0
2516.0,,3.5,13.0,5503.0,,4.0,8.0,1032301.0
3094.0,3.0,2.5,3.0,15889.0,2.0,,8.0,1173514.0
1228.0,3.0,2.0,11.0,,2.0,2.0,8.0,867495.0
2548.0,3.0,2.0,17.0,1069.0,1.5,2.0,9.0,1040920.0
2846.0,4.0,1.5,10.0,6756.0,1.5,3.0,9.0,1159847.0
593.0,1.0,2.0,69.0,7234.0,2.0,2.0,7.0,543916.0
1053.0,2.0,2.0,,,1.0,3.0,6.0,731044.0
500.0,,3.0,6.0,14513.0,2.0,2.0,7.0,735479.0
1784.0,3.0,,22.0,13495.0,2.5,3.0,9.0,
2574.0,4.0,1.0,2.0,9966.0,1.0,1.0,1.0,
3201.0,4.0,2.0,7.0,21087.0,1.0,3.0,13.0,1362127.0
2059.0,,1.5,6.0,2403.0,2.0,3.0,,938661.0
3302.0,4.0,1.5,8.0,12132.0,1.5,3.0,,1188041.0
895.0,3.0,3.5,,,1.5,5.0,9.0,985724.0
637.0,4.0,1.0,9.0,3005.0,1.0,4.0,,714967.0
1955.0,3.0,2.0,23.0,2435.0,1.5,3.0,7.0,924562.0
,3.0,1.5,12.0,4461.0,1.0,1.0,4.0,852412.0
1973.0,4.0,3.5,6.0,4773.0,1.5,4.0,6.0,969743.0
500.0,3.0,2.5,,14805.0,,4.0,4.0,640822.0
,4.0,2.0,4.0,4956.0,1.0,4.0,6.0,898815.0
956.0,4.0,,3.0,,,2.0,6.0,764213.0
2535.0,5.0,3.0,10.0,4967.0,3.0,5.0,,1279497.0
,,,,19829.0,2.0,3.0,13.0,
1248.0,3.0,2.0,,8188.0,2.0,4.0,4.0,
1588.0,3.0,3.5,15.0,,1.5,4.0,8.0,1033471.0
,4.0,4.0,10.0,7420.0,2.0,3.0,3.0,736044.0
,3.0,4.0,8.0,22780.0,1.0,4.0,,883744.0
,4.0,2.5,51.0,4450.0,1.0,3.0,4.0,954610.0
1211.0,4.0,2.5,12.0,23211.0,1.0,5.0,11.0,1140228.0
,4.0,2.0,,9589.0,1.5,3.0,,1047120.0
1575.0,3.0,,2.0,7127.0,,5.0,5.0,
1365.0,2.0,2.5,12.0,50000.0,1.0,2.0,,802470.0
1914.0,3.0,3.0,30.0,3482.0,2.0,4.0,,
1171.0,2.0,2.0,13.0,6106.0,2.0,3.0,7.0,800733.0
1557.0,5.0,3.0,18.0,3023.0,2.0,3.0,7.0,
1041.0,3.0,3.5,6.0,17360.0,1.0,3.0,5.0,
3571.0,2.0,,1.0,31299.0,2.0,4.0,8.0,1287191.0
2028.0,,3.5,9.0,30820.0,,2.0,,942236.0
1440.0,,2.5,7.0,21572.0,1.0,3.0,10.0,1025005.0
2171.0,,3.5,30.0,6918.0,3.0,3.0,,1114123.0
1910.0,3.0,2.0,4.0,6049.0,1.0,5.0,6.0,
1823.0,,2.0,51.0,2128.0,1.0,1.0,8.0,738428.0
2491.0,3.0,4.0,47.0,41303.0,2.5,2.0,9.0,1166749.0
2606.0,3.0,2.0,4.0,11792.0,,3.0,5.0,952781.0
1575.0,4.0,3.5,6.0,5466.0,2.0,,6.0,963726.0
1539.0,4.0,2.5,33.0,23445.0,,3.0,10.0,1059266.0
1779.0,3.0,2.5,,3721.0,,3.0,4.0,797039.0
500.0,3.0,,8.0,11218.0,1.0,4.0,2.0,618724.0
,6.0,2.5,5.0,7057.0,,4.0,7.0,842575.0
3093.0,3.0,2.0,11.0,13506.0,1.5,3.0,9.0,1107032.0
3315.0,4.0,1.0,17.0,7701.0,2.0,2.0,8.0,1146178.0
,2.0,2.0,4.0,2538.0,1.5,3.0,10.0,940815.0
2461.0,3.0,1.0,20.0,8608.0,2.5,2.0,7.0,926209.0
2249.0,1.0,4.5,0.0,18752.0,1.0,4.0,4.0,927316.0
4463.0,,4.0,,7915.0,1.5,3.0,7.0,
2895.0,5.0,2.0,,15064.0,2.0,3.0,8.0,1175979.0
1897.0,3.0,3.0,6.0,,2.5,,3.0,
,1.0,,5.0,,1.0,4.0,,723092.0
714.0,1.0,3.0,10.0,,,2.0,1.0,587396.0
2162.0,3.0,3.5,5.0,14729.0,2.5,3.0,7.0,1042847.0
1394.0,2.0,4.0,3.0,8309.0,,2.0,9.0,
862.0,1.0,2.0,5.0,,2.5,4.0,8.0,878260.0
1482.0,4.0,3.0,55.0,19344.0,,4.0,12.0,1116165.0
1134.0,3.0,,7.0,14091.0,2.0,3.0,3.0,748040.0
,3.0,4.5,8.0,10081.0,2.5,3.0,10.0,1307869.0
,5.0,1.0,12.0,3646.0,2.0,4.0,9.0,1089668.0
,2.0,,61.0,8085.0,1.5,3.0,6.0,801649.0
3183.0,5.0,3.0,4.0,,1.0,3.0,11.0,1303774.0
,3.0,3.0,17.0,6153.0,,3.0,5.0,907576.0
1310.0,5.0,1.5,18.0,6005.0,1.5,3.0,9.0,823740.0
,4.0,,14.0,3699.0,1.0,2.0,9.0,
2431.0,4.0,1.5,,1692.0,2.0,4.0,8.0,1180760.0
1170.0,,2.5,16.0,4748.0,1.5,3.0,7.0,934196.0
,,2.0,0.0,9458.0,1.0,2.0,4.0,763634.0
1299.0,5.0,2.0,,2755.0,1.0,4.0,7.0,919997.0
893.0,3.0,2.5,20.0,8205.0,1.0,3.0,6.0,673431.0
2740.0,3.0,,3.0,37057.0,,2.0,8.0,1206329.0
3527.0,3.0,1.5,27.0,18369.0,2.0,3.0,,1211049.0
881.0,3.0,1.5,0.0,30176.0,,4.0,10.0,
2450.0,2.0,2.0,27.0,11080.0,2.0,4.0,1.0,
,4.0,3.0,9.0,20619.0,2.5,5.0,9.0,1133469.0
1610.0,3.0,3.5,3.0,4540.0,2.0,4.0,10.0,1071196.0
,4.0,1.5,2.0,4839.0,1.0,,8.0,874174.0
1308.0,,2.0,45.0,1000.0,2.0,3.0,4.0,745943.0
,3.0,1.5,1.0,20929.0,1.5,4.0,3.0,913347.0
1335.0,,1.0,3.0,27785.0,2.0,3.0,2.0,
2216.0,,3.0,6.0,5205.0,,3.0,7.0,1056794.0
1959.0,2.0,2.5,14.0,6613.0,1.0,3.0,7.0,913068.0
1808.0,,1.5,11.0,4433.0,2.5,3.0,,1018926.0
1273.0,3.0,2.0,2.0,11005.0,1.0,4.0,6.0,814952.0
,3.0,1.0,5.0,,,3.0,6.0,803699.0
,5.0,3.5,4.0,2009.0,1.0,3.0,7.0,1063103.0
2400.0,4.0,4.5,3.0,11243.0,2.5,5.0,9.0,1316120.0
1217.0,3.0,1.5,7.0,6494.0,1.0,3.0,10.0,912429.0
2079.0,4.0,2.0,18.0,8872.0,1.0,2.0,9.0,944105.0
2601.0,2.0,3.5,3.0,11698.0,1.0,3.0,6.0,1074788.0
664.0,3.0,4.0,6.0,,1.0,4.0,7.0,781916.0
2434.0,4.0,2.0,7.0,7458.0,1.0,4.0,9.0,1127783.0
1469.0,3.0,1.0,,6828.0,,4.0,7.0,800024.0
2456.0,,1.0,46.0,17610.0,1.5,4.0,5.0,965076.0
1389.0,6.0,2.5,24.0,11327.0,,,4.0,711142.0
556.0,5.0,2.0,,9666.0,1.0,4.0,1.0,584222.0
,4.0,1.0,1.0,2931.0,2.0,4.0,8.0,758499.0
2038.0,4.0,,,5985.0,2.0,2.0,4.0,856690.0
2207.0,4.0,,4.0,16629.0,,2.0,5.0,978879.0
,3.0,3.0,10.0,8351.0,2.0,5.0,,869829.0
2510.0,3.0,2.0,,13733.0,,4.0,7.0,1016431.0
670.0,1.0,1.0,29.0,33296.0,1.0,4.0,6.0,754678.0
1947.0,3.0,2.5,27.0,18599.0,1.0,4.0,8.0,1050675.0
1031.0,3.0,2.0,6.0,8730.0,2.0,3.0,3.0,702681.0
,3.0,4.5,,,3.0,3.0,4.0,884703.0
2037.0,5.0,2.5,5.0,1050.0,,3.0,7.0,938302.0
1311.0,5.0,2.0,0.0,7081.0,1.0,2.0,6.0,881710.0
1692.0,4.0,3.0,18.0,6242.0,,4.0,5.0,994719.0
2805.0,,2.0,0.0,11073.0,1.0,3.0,3.0,990956.0
1538.0,5.0,4.0,7.0,,2.0,,9.0,923811.0
2668.0,2.0,2.0,5.0,6271.0,1.0,3.0,8.0,1031830.0
1096.0,,,17.0,,2.5,3.0,4.0,779443.0
2423.0,,1.0,21.0,3820.0,1.0,2.0,3.0,
3153.0,4.0,,5.0,11864.0,2.5,3.0,11.0,1364787.0
500.0,3.0,,,31975.0,2.0,2.0,,805357.0
1362.0,5.0,3.5,5.0,7494.0,2.0,2.0,6.0,830964.0
,,2.0,8.0,,2.0,5.0,8.0,1182827.0
,2.0,2.0,19.0,17361.0,2.0,2.0,8.0,869580.0
2296.0,3.0,,17.0,4235.0,,3.0,8.0,1036740.0
1516.0,6.0,4.0,65.0,10866.0,2.0,3.0,7.0,843402.0
2069.0,3.0,1.5,3.0,4481.0,,,6.0,999050.0
1875.0,5.0,2.5,16.0,16185.0,3.0,,,899420.0
2934.0,4.0,2.0,14.0,,2.0,4.0,10.0,1170832.0
2203.0,,3.5,36.0,10288.0,2.0,4.0,7.0,919865.0
2270.0,3.0,1.5,2.0,4332.0,2.5,3.0,5.0,942405.0
1670.0,3.0,2.0,20.0,14265.0,,3.0,10.0,895109.0
1609.0,,3.0,12.0,42949.0,1.0,,10.0,1112558.0
,3.0,1.0,4.0,3617.0,1.5,,12.0,1109130.0
2315.0,3.0,2.5,9.0,6174.0,,3.0,9.0,1140805.0
1663.0,,2.0,6.0,9752.0,2.0,2.0,13.0,1074023.0
2231.0,,,12.0,15201.0,1.5,3.0,,940894.0
,5.0,2.0,32.0,5178.0,2.0,3.0,9.0,
2696.0,6.0,2.5,12.0,,,2.0,9.0,1113209.0
1739.0,3.0,1.5,14.0,24037.0,1.0,3.0,5.0,856488.0
2960.0,4.0,2.5,10.0,14889.0,2.0,3.0,3.0,1057725.0
1673.0,,3.5,,2009.0,2.0,3.0,11.0,1051543.0
500.0,4.0,3.0,,4983.0,1.0,4.0,5.0,
1193.0,5.0,1.5,10.0,28411.0,2.0,4.0,9.0,928871.0
503.0,3.0,1.5,5.0,25802.0,,,1.0,479489.0
,2.0,2.0,3.0,17169.0,1.0,4.0,,
2014.0,5.0,2.0,10.0,7038.0,1.0,2.0,,849659.0
3341.0,3.0,2.0,,8659.0,3.0,4.0,5.0,1197303.0
,4.0,3.0,4.0,7297.0,1.0,2.0,8.0,986837.0
1824.0,5.0,1.0,9.0,19982.0,,2.0,7.0,880652.0
2663.0,2.0,,2.0,4021.0,1.0,3.0,3.0,841271.0
500.0,5.0,,39.0,4252.0,2.0,,4.0,
2188.0,3.0,3.0,30.0,18182.0,2.0,4.0,6.0,1076979.0
2616.0,3.0,1.5,18.0,7820.0,2.0,3.0,,919026.0
817.0,4.0,2.5,1.0,24410.0,1.0,3.0,8.0,845748.0
2915.0,,2.0,22.0,4735.0,2.5,,6.0,1009475.0
2270.0,1.0,3.5,24.0,7755.0,1.0,3.0,3.0,878606.0
1667.0,,3.5,21.0,3874.0,1.0,3.0,7.0,894969.0
2506.0,4.0,2.0,1.0,8150.0,1.5,3.0,3.0,898381.0
3816.0,4.0,2.0,15.0,2482.0,1.0,4.0,4.0,1134752.0
2145.0,4.0,2.0,26.0,,2.5,,5.0,1039128.0
2198.0,2.0,2.0,12.0,2568.0,2.5,5.0,9.0,1111687.0
,3.0,3.0,15.0,14117.0,1.0,3.0,10.0,
1320.0,3.0,3.5,9.0,14375.0,2.5,,9.0,971180.0
2664.0,4.0,3.0,11.0,2029.0,2.0,,6.0,958928.0
1315.0,3.0,3.5,,23555.0,,3.0,5.0,885858.0
2057.0,3.0,2.0,15.0,50000.0,1.0,3.0,7.0,1036824.0
1617.0,5.0,1.5,1.0,,2.0,,8.0,1109341.0
2383.0,1.0,3.0,8.0,4851.0,1.0,4.0,13.0,1090727.0
,6.0,2.0,5.0,50000.0,2.0,5.0,4.0,1075645.0
2830.0,4.0,3.0,11.0,2820.0,1.0,4.0,2.0,946102.0
1591.0,4.0,2.0,2.0,,2.0,4.0,8.0,
1784.0,3.0,1.5,,9355.0,1.0,4.0,9.0,
1216.0,1.0,4.5,23.0,23768.0,1.0,,9.0,899851.0
1644.0,4.0,1.5,,,2.0,3.0,8.0,986614.0
2301.0,4.0,4.5,1.0,5437.0,2.5,3.0,11.0,1173359.0
,,4.5,2.0,3785.0,2.0,1.0,,1093027.0
1262.0,2.0,3.0,31.0,6164.0,2.5,3.0,10.0,935800.0
2695.0,4.0,,11.0,3620.0,1.0,3.0,,
3084.0,4.0,2.5,9.0,8419.0,1.5,3.0,9.0,1280983.0
2330.0,4.0,3.5,1.0,,1.5,,6.0,
3501.0,4.0,2.0,15.0,2452.0,,4.0,5.0,
1380.0,4.0,2.5,30.0,22117.0,2.0,2.0,7.0,
1004.0,4.0,2.5,26.0,5441.0,2.0,3.0,,880429.0
577.0,2.0,2.0,14.0,,2.0,3.0,9.0,816163.0
3196.0,,2.0,1.0,7082.0,2.0,3.0,4.0,1168884.0
2523.0,2.0,2.0,1.0,8558.0,2.0,4.0,5.0,1087439.0
,3.0,,0.0,2003.0,1.0,,8.0,1058173.0
2223.0,,3.5,4.0,10565.0,1.0,3.0,,942512.0
1099.0,,2.0,2.0,3506.0,2.0,4.0,6.0,897296.0
,,4.0,4.0,31850.0,1.0,4.0,6.0,1440806.0
2103.0,2.0,3.0,7.0,12322.0,1.0,2.0,7.0,943921.0
2087.0,,3.5,42.0,5884.0,1.5,4.0,4.0,811706.0
2580.0,5.0,2.5,14.0,4464.0,2.0,3.0,,1119554.0
2384.0,2.0,,27.0,7450.0,,3.0,6.0,954997.0
,5.0,1.0,18.0,13229.0,,,10.0,1048052.0
,,3.5,1.0,7939.0,2.0,3.0,7.0,853599.0
2377.0,3.0,1.0,19.0,6810.0,1.0,3.0,5.0,812616.0
,2.0,3.5,4.0,8490.0,2.0,3.0,4.0,
3076.0,3.0,4.5,,,2.0,3.0,1.0,
,,2.0,6.0,6157.0,2.0,4.0,7.0,1292430.0
,4.0,2.0,90.0,,2.0,3.0,4.0,699532.0
1208.0,2.0,3.0,4.0,17658.0,,1.0,6.0,798387.0
1899.0,2.0,2.0,4.0,10291.0,2.0,4.0,7.0,
2044.0,3.0,,40.0,4364.0,1.0,1.0,5.0,680223.0
2875.0,3.0,1.5,0.0,37011.0,2.5,4.0,4.0,1102010.0
646.0,3.0,1.5,17.0,8687.0,2.0,3.0,8.0,754335.0
,3.0,4.5,19.0,3537.0,,3.0,10.0,1234671.0
1873.0,4.0,3.0,27.0,16080.0,,3.0,4.0,848844.0
1658.0,5.0,3.5,55.0,11141.0,1.0,,4.0,715052.0
1190.0,3.0,2.0,,11110.0,1.0,3.0,11.0,895370.0
676.0,5.0,3.0,1.0,5764.0,1.5,,2.0,611522.0
2658.0,3.0,2.5,,11618.0,1.0,3.0,11.0,1048748.0
,3.0,2.5,15.0,6572.0,1.5,,1.0,712200.0
968.0,,,15.0,12641.0,1.0,3.0,9.0,
963.0,4.0,2.5,2.0,1765.0,,,6.0,892120.0
1731.0,6.0,2.0,15.0,5726.0,1.0,3.0,10.0,989711.0
3335.0,4.0,,60.0,32135.0,2.5,1.0,6.0,1054647.0
1792.0,3.0,3.0,36.0,4386.0,2.5,1.0,8.0,869576.0
797.0,4.0,2.0,8.0,4998.0,1.5,1.0,3.0,
1803.0,,3.0,,,2.0,4.0,5.0,980300.0
1781.0,5.0,2.0,6.0,3066.0,1.5,3.0,,942739.0
500.0,3.0,2.5,26.0,1384.0,2.0,4.0,7.0,714008.0
1956.0,3.0,3.0,18.0,,1.0,3.0,10.0,1022280.0
1815.0,4.0,2.0,9.0,9033.0,1.0,3.0,6.0,867308.0
2556.0,4.0,,0.0,7769.0,2.0,,9.0,1146338.0
3479.0,2.0,,8.0,,,4.0,6.0,1124122.0
,4.0,2.5,9.0,8386.0,2.0,3.0,11.0,1257237.0
1784.0,3.0,3.5,39.0,18366.0,1.0,2.0,11.0,973323.0
1114.0,4.0,1.0,15.0,6957.0,1.0,3.0,6.0,768760.0
4058.0,4.0,3.0,,5119.0,,3.0,9.0,1322950.0
2047.0,,,,,1.0,3.0,,998037.0
2011.0,4.0,,1.0,12880.0,1.0,3.0,5.0,
1980.0,3.0,4.0,53.0,25074.0,1.0,3.0,7.0,933251.0
2158.0,,2.0,6.0,4902.0,,3.0,3.0,828293.0
1884.0,4.0,2.5,9.0,,2.0,3.0,9.0,1119408.0
,3.0,1.0,6.0,10622.0,1.0,4.0,4.0,762857.0
1562.0,3.0,1.5,,3662.0,2.0,4.0,3.0,781413.0
1973.0,3.0,2.0,16.0,8236.0,1.0,3.0,6.0,813740.0
1565.0,2.0,1.0,18.0,2508.0,,3.0,7.0,866870.0
1429.0,4.0,2.5,4.0,,1.5,4.0,9.0,934021.0
2085.0,2.0,2.0,5.0,10866.0,,3.0,11.0,1057566.0
1796.0,4.0,2.5,2.0,5960.0,1.5,3.0,6.0,908216.0
3203.0,3.0,1.5,15.0,9526.0,1.0,4.0,3.0,1035546.0
,1.0,2.0,0.0,7987.0,2.0,3.0,8.0,
2873.0,,3.0,13.0,3710.0,1.0,2.0,7.0,1004604.0
2996.0,1.0,4.0,30.0,,3.0,4.0,6.0,1188820.0
500.0,,1.0,33.0,3021.0,1.5,,6.0,553770.0
1725.0,4.0,3.5,8.0,24656.0,1.0,4.0,7.0,
1702.0,2.0,2.5,9.0,,2.0,4.0,6.0,902234.0
873.0,4.0,2.5,1.0,6928.0,1.0,5.0,8.0,1002073.0
1377.0,1.0,2.5,16.0,3519.0,2.0,2.0,,776829.0
1111.0,3.0,1.0,25.0,12788.0,,3.0,9.0,802262.0
3401.0,4.0,1.5,4.0,,2.0,3.0,7.0,1152330.0
2748.0,3.0,2.5,8.0,5351.0,1.0,3.0,5.0,971445.0
3017.0,2.0,2.0,27.0,16035.0,2.0,,9.0,
2577.0,,4.0,31.0,8296.0,2.0,3.0,7.0,984159.0
1096.0,3.0,2.0,4.0,12250.0,1.0,3.0,5.0,
1580.0,4.0,1.5,11.0,3695.0,1.0,2.0,7.0,787923.0
2391.0,3.0,3.0,,,1.0,3.0,6.0,1019494.0
1022.0,4.0,2.0,1.0,8828.0,,4.0,9.0,
2570.0,5.0,2.5,36.0,,1.0,4.0,7.0,
1807.0,3.0,3.0,25.0,13375.0,1.5,4.0,8.0,
1700.0,5.0,4.0,21.0,7601.0,1.0,3.0,3.0,884952.0
,3.0,3.0,0.0,9547.0,,5.0,6.0,1102187.0
2355.0,5.0,3.0,27.0,2211.0,,4.0,,1179128.0
1711.0,2.0,3.0,8.0,36707.0,3.0,3.0,9.0,1027842.0
2927.0,4.0,4.0,6.0,,1.5,2.0,4.0,1055398.0
1135.0,3.0,2.0,11.0,14158.0,2.0,3.0,5.0,773330.0
,,,,,1.5,3.0,6.0,965277.0
2474.0,4.0,2.0,21.0,10367.0,,,8.0,996150.0
1752.0,4.0,2.0,13.0,2857.0,1.0,3.0,8.0,
2260.0,1.0,3.0,3.0,11633.0,2.0,4.0,8.0,1099268.0
,2.0,2.5,3.0,6094.0,3.0,3.0,7.0,
2739.0,4.0,2.5,3.0,,2.5,2.0,,
1852.0,4.0,1.0,0.0,14162.0,1.0,4.0,,926431.0
1581.0,5.0,3.0,,3022.0,1.0,3.0,4.0,811712.0
2839.0,4.0,2.0,,4686.0,1.0,5.0,7.0,1051373.0
1436.0,5.0,3.0,0.0,11682.0,2.5,2.0,11.0,1047645.0
873.0,4.0,2.5,,43415.0,2.5,5.0,8.0,1015863.0
754.0,3.0,2.0,,7255.0,2.0,2.0,,728105.0
2484.0,2.0,1.5,25.0,13002.0,1.0,,7.0,1039189.0
975.0,4.0,,5.0,7438.0,1.5,1.0,10.0,
3403.0,4.0,3.5,6.0,38322.0,,,6.0,1244861.0
500.0,1.0,4.0,13.0,2002.0,1.0,4.0,6.0,679438.0
3357.0,3.0,2.5,,8740.0,1.5,3.0,11.0,1327286.0
2168.0,5.0,1.5,,2207.0,1.0,4.0,9.0,
1922.0,,2.0,19.0,1090.0,1.0,3.0,6.0,878575.0
1564.0,3.0,3.0,14.0,10280.0,2.5,3.0,7.0,961095.0
2319.0,3.0,3.0,13.0,9059.0,2.0,4.0,,
1969.0,,,20.0,6451.0,,3.0,4.0,893705.0
2882.0,3.0,1.0,16.0,7443.0,1.5,,11.0,1072206.0
2091.0,3.0,3.0,3.0,50000.0,1.0,4.0,6.0,1113010.0
2120.0,2.0,2.0,6.0,,2.0,,9.0,1120366.0
1709.0,4.0,2.0,2.0,12186.0,2.0,5.0,5.0,911785.0
1954.0,3.0,1.0,2.0,4819.0,2.0,4.0,7.0,941454.0
2246.0,4.0,,,10261.0,2.0,2.0,2.0,784882.0
631.0,5.0,3.5,,6696.0,1.0,,8.0,785602.0
921.0,,4.0,,5834.0,1.0,3.0,7.0,709732.0
2594.0,4.0,2.5,14.0,34721.0,1.5,5.0,7.0,1202172.0
2136.0,3.0,2.5,3.0,20780.0,1.0,3.0,3.0,931243.0
1852.0,5.0,1.5,1.0,9039.0,2.0,3.0,5.0,974943.0
,,,,,1.0,3.0,3.0,744772.0
2278.0,4.0,2.0,12.0,6070.0,1.0,3.0,5.0,884604.0
1568.0,4.0,2.5,14.0,50000.0,,2.0,7.0,999991.0
1377.0,,,22.0,6737.0,3.0,4.0,7.0,940361.0
2156.0,2.0,2.0,,19586.0,1.0,4.0,7.0,997715.0
1217.0,4.0,1.5,26.0,25682.0,2.0,2.0,7.0,837580.0
2326.0,4.0,2.0,0.0,9654.0,,4.0,,1016217.0
637.0,3.0,1.5,20.0,4132.0,1.0,3.0,5.0,662043.0
2823.0,4.0,1.5,28.0,1154.0,,3.0,4.0,922454.0
2378.0,3.0,4.5,5.0,14007.0,2.0,3.0,9.0,1165154.0
2204.0,4.0,2.0,15.0,4222.0,,4.0,7.0,943016.0
2786.0,2.0,2.5,5.0,9329.0,2.5,4.0,5.0,1046668.0
3332.0,5.0,3.5,,2981.0,1.0,3.0,4.0,989911.0
2811.0,3.0,4.5,0.0,,1.0,3.0,9.0,1168036.0
527.0,3.0,2.5,13.0,8324.0,2.5,2.0,8.0,
976.0,2.0,3.5,2.0,10045.0,,3.0,8.0,
1500.0,2.0,2.0,18.0,3321.0,2.0,2.0,,701921.0
2020.0,3.0,2.0,,21110.0,2.0,,5.0,975655.0
2414.0,3.0,2.0,4.0,,1.0,3.0,,1122026.0
1419.0,4.0,,10.0,2122.0,2.0,,8.0,883833.0
2149.0,1.0,3.0,36.0,7426.0,1.0,3.0,6.0,825460.0
1395.0,3.0,2.0,3.0,8329.0,1.0,3.0,9.0,938738.0
1510.0,3.0,1.5,2.0,9213.0,1.0,3.0,8.0,875774.0
874.0,1.0,2.5,21.0,,2.0,4.0,5.0,729438.0
1261.0,2.0,,10.0,6706.0,1.0,,6.0,805832.0
918.0,3.0,2.5,36.0,7363.0,,4.0,,754605.0
1219.0,3.0,3.0,2.0,3352.0,2.5,3.0,4.0,723236.0
2842.0,3.0,3.0,15.0,15622.0,1.5,4.0,8.0,1199550.0
1240.0,3.0,,3.0,,1.5,2.0,5.0,733265.0
4105.0,4.0,3.5,2.0,5790.0,,3.0,9.0,1381933.0
,1.0,2.5,17.0,1765.0,,3.0,13.0,1128858.0
2147.0,3.0,,,25733.0,1.5,3.0,3.0,875662.0
,5.0,2.5,21.0,3034.0,2.0,4.0,7.0,856835.0
2560.0,3.0,1.5,5.0,5049.0,,4.0,9.0,1151813.0
1539.0,4.0,1.0,8.0,10793.0,2.5,,8.0,982202.0
2097.0,,2.0,7.0,3111.0,2.5,2.0,8.0,908188.0
4048.0,4.0,2.0,62.0,2453.0,2.5,3.0,6.0,1237221.0
1923.0,4.0,2.5,5.0,,,3.0,,947925.0
2919.0,3.0,,5.0,14426.0,2.0,3.0,7.0,1155470.0
1437.0,6.0,1.5,6.0,5238.0,2.5,4.0,,1034190.0
,2.0,1.5,12.0,,1.0,,6.0,
,1.0,4.0,4.0,3657.0,3.0,3.0,10.0,1278568.0
,4.0,1.5,37.0,3877.0,1.5,4.0,5.0,745669.0
3449.0,4.0,,4.0,5154.0,2.0,,,1351212.0
2566.0,2.0,2.5,33.0,9842.0,2.0,3.0,8.0,1010233.0
1550.0,3.0,2.5,1.0,5562.0,3.0,3.0,7.0,1036163.0
2505.0,1.0,1.5,16.0,13225.0,1.0,3.0,7.0,913901.0
,3.0,1.0,35.0,3703.0,2.0,4.0,5.0,986240.0
,4.0,1.5,2.0,2683.0,1.5,3.0,5.0,987808.0
743.0,,2.5,51.0,1922.0,1.0,3.0,4.0,521777.0
1418.0,3.0,2.5,9.0,1368.0,2.0,3.0,,818777.0
1801.0,3.0,2.0,43.0,5353.0,2.0,5.0,6.0,891939.0
1940.0,,2.5,16.0,6369.0,2.0,3.0,8.0,824118.0
2496.0,3.0,3.5,5.0,4889.0,1.0,4.0,7.0,1119170.0
2142.0,4.0,1.0,3.0,21910.0,1.5,4.0,4.0,902772.0
,6.0,2.5,5.0,21642.0,2.0,3.0,9.0,902545.0
2304.0,4.0,3.0,1.0,6199.0,1.5,3.0,7.0,1079893.0
2488.0,1.0,2.0,2.0,,1.0,4.0,11.0,1127699.0
2447.0,,2.0,1.0,5149.0,3.0,3.0,8.0,1173236.0
2864.0,4.0,2.5,8.0,5014.0,1.5,4.0,4.0,1113636.0
2667.0,4.0,3.5,23.0,4790.0,2.0,3.0,7.0,1043383.0
2367.0,3.0,3.5,2.0,4637.0,1.5,,,1044487.0
,3.0,2.5,2.0,4804.0,1.0,4.0,2.0,801284.0
671.0,3.0,,15.0,5947.0,1.5,4.0,1.0,728699.0
2343.0,2.0,2.0,3.0,,1.5,5.0,4.0,950048.0
2166.0,,2.5,,9572.0,1.5,3.0,5.0,997848.0
,3.0,2.5,2.0,10810.0,1.5,4.0,,1066859.0
978.0,3.0,,,,1.5,,7.0,778824.0
1135.0,4.0,3.0,25.0,22400.0,1.0,,4.0,758522.0
2842.0,3.0,,6.0,3699.0,1.5,3.0,8.0,1108628.0
1968.0,2.0,2.0,,2221.0,1.0,,7.0,788962.0
2545.0,5.0,4.0,11.0,10988.0,,4.0,5.0,1084947.0
2022.0,5.0,1.0,16.0,4213.0,2.5,,1.0,806706.0
2023.0,4.0,2.0,17.0,,2.0,3.0,3.0,859080.0
2750.0,6.0,1.0,14.0,1184.0,2.0,3.0,6.0,900202.0
1587.0,3.0,,4.0,24685.0,1.5,,,
,5.0,3.0,0.0,13874.0,2.5,3.0,6.0,1001243.0
1630.0,2.0,,9.0,,,,,
1652.0,3.0,3.0,,2482.0,,4.0,7.0,928230.0
,3.0,2.0,12.0,30878.0,1.0,3.0,,
2177.0,2.0,3.0,26.0,4492.0,3.0,,,
1617.0,2.0,2.5,71.0,4157.0,,2.0,7.0,679551.0
3004.0,4.0,,2.0,1322.0,2.5,1.0,9.0,
,,4.0,,6120.0,1.0,3.0,8.0,921577.0
1850.0,4.0,2.0,16.0,6753.0,1.0,4.0,7.0,974883.0
,2.0,1.5,,14362.0,,2.0,,697821.0
3157.0,4.0,2.5,63.0,2645.0,1.0,4.0,6.0,
2157.0,4.0,4.0,17.0,2401.0,2.5,3.0,9.0,1113511.0
2825.0,3.0,2.0,4.0,11623.0,1.0,3.0,2.0,882579.0
,4.0,1.0,,18131.0,1.0,2.0,,869327.0
2213.0,3.0,,1.0,2305.0,1.0,1.0,8.0,964184.0
2711.0,,2.5,22.0,19248.0,1.0,4.0,8.0,1093740.0
2065.0,5.0,1.5,36.0,8350.0,,4.0,2.0,860913.0
2852.0,3.0,3.0,7.0,19408.0,2.0,3.0,7.0,1158717.0
1586.0,,4.5,14.0,7660.0,2.0,2.0,7.0,785096.0
3127.0,5.0,2.5,8.0,1077.0,1.0,3.0,4.0,1062187.0
3839.0,4.0,2.0,8.0,,1.5,3.0,5.0,1163398.0
1709.0,2.0,2.0,5.0,18922.0,1.5,5.0,9.0,1090552.0
1643.0,2.0,1.5,21.0,3963.0,1.0,3.0,7.0,876586.0
3162.0,1.0,3.5,41.0,5940.0,,4.0,6.0,1090938.0
3263.0,,2.0,42.0,7038.0,2.0,3.0,3.0,1064788.0
1581.0,3.0,2.0,2.0,1000.0,2.0,3.0,8.0,923214.0
1663.0,2.0,,,30855.0,2.0,3.0,8.0,982400.0
1774.0,5.0,2.0,20.0,3939.0,1.0,,7.0,906225.0
924.0,3.0,,4.0,12143.0,3.0,4.0,,892018.0
1265.0,,1.0,1.0,7560.0,2.0,3.0,6.0,858808.0
1196.0,,3.5,4.0,,2.5,4.0,7.0,935488.0
1385.0,4.0,4.0,,11213.0,1.0,2.0,,734047.0
1972.0,,2.5,15.0,6714.0,2.5,5.0,,1058103.0
2187.0,3.0,4.0,19.0,3964.0,2.0,2.0,7.0,977048.0
,4.0,,4.0,15340.0,2.0,4.0,6.0,1206942.0
1201.0,3.0,2.5,19.0,1810.0,1.0,4.0,6.0,866733.0
,3.0,2.5,0.0,,2.0,5.0,9.0,1301775.0
1828.0,3.0,2.5,,3363.0,3.0,3.0,4.0,864686.0
1960.0,1.0,2.0,14.0,22066.0,,4.0,5.0,868223.0
2539.0,2.0,2.0,2.0,9219.0,2.0,3.0,,1098930.0
1101.0,3.0,1.5,25.0,13565.0,2.5,2.0,6.0,
2305.0,3.0,2.0,4.0,8652.0,1.5,3.0,8.0,1077313.0
2133.0,1.0,1.5,15.0,1994.0,2.0,,4.0,845161.0
2393.0,4.0,3.0,7.0,,1.5,5.0,8.0,
,,2.0,13.0,13875.0,2.5,2.0,3.0,
3964.0,4.0,1.0,1.0,9258.0,1.0,3.0,1.0,1031270.0
,5.0,2.5,,,1.5,,9.0,1016741.0
1575.0,3.0,,36.0,,2.0,3.0,7.0,
1501.0,5.0,3.5,4.0,3739.0,2.0,3.0,6.0,931961.0
,2.0,2.5,25.0,,2.0,2.0,5.0,747357.0
1490.0,5.0,,100.0,8798.0,2.5,3.0,7.0,743914.0
2951.0,6.0,,3.0,1272.0,2.5,3.0,7.0,1154859.0
3136.0,4.0,2.5,,30907.0,1.0,4.0,13.0,1458294.0
1543.0,,1.0,16.0,11537.0,1.5,4.0,,1095849.0
1334.0,4.0,2.5,50.0,,1.0,5.0,7.0,881627.0
,3.0,4.0,,2288.0,1.0,,6.0,821754.0
1558.0,,,10.0,21930.0,1.5,3.0,,
2506.0,4.0,2.0,23.0,48300.0,2.5,2.0,8.0,1176398.0
2162.0,2.0,1.5,2.0,2816.0,2.0,1.0,4.0,825663.0
787.0,4.0,1.5,56.0,15019.0,1.0,,,571892.0
,,,50.0,8110.0,1.0,3.0,3.0,1007077.0
,2.0,2.5,2.0,2355.0,2.0,3.0,3.0,
,4.0,1.5,5.0,12019.0,,3.0,,846106.0
1689.0,5.0,4.0,1.0,15786.0,1.0,4.0,7.0,1114827.0
2228.0,5.0,3.0,4.0,5009.0,2.5,3.0,8.0,1106553.0
2267.0,5.0,2.5,25.0,,2.5,3.0,,979894.0
2526.0,3.0,3.5,7.0,2135.0,1.5,3.0,,1041928.0
3608.0,6.0,1.5,1.0,,2.5,3.0,3.0,1150844.0
1858.0,4.0,2.5,6.0,9038.0,1.0,,7.0,881611.0
1361.0,2.0,,59.0,8269.0,,3.0,5.0,733365.0
896.0,3.0,3.5,14.0,4567.0,1.5,3.0,7.0,716650.0
1415.0,4.0,3.0,8.0,15485.0,1.0,4.0,11.0,
1973.0,3.0,2.0,2.0,,,4.0,4.0,902323.0
3435.0,,4.0,64.0,16098.0,1.5,3.0,5.0,1019698.0
1585.0,4.0,1.5,25.0,7342.0,2.0,3.0,7.0,868742.0
2179.0,2.0,3.5,4.0,13122.0,1.0,,11.0,1143742.0
1986.0,4.0,4.5,1.0,5673.0,1.0,4.0,8.0,1092442.0
2950.0,4.0,1.5,,41900.0,1.0,3.0,9.0,1196167.0
4021.0,,3.0,1.0,4230.0,1.5,3.0,6.0,1228805.0
1575.0,1.0,1.0,13.0,43662.0,2.0,2.0,,
1608.0,,2.0,,8332.0,1.0,,4.0,650630.0
2835.0,3.0,2.5,10.0,2696.0,2.0,4.0,3.0,1061393.0
2545.0,5.0,2.5,,24208.0,2.0,3.0,9.0,
3477.0,,4.0,8.0,8961.0,2.0,,10.0,1363442.0
2467.0,4.0,3.0,18.0,16008.0,1.5,3.0,3.0,1008336.0
,3.0,,19.0,21570.0,2.5,3.0,4.0,832039.0
2472.0,3.0,3.5,2.0,10618.0,1.5,4.0,2.0,953207.0
2886.0,4.0,4.0,6.0,5045.0,1.5,4.0,4.0,1199049.0
2656.0,4.0,1.0,15.0,17686.0,,3.0,5.0,1052989.0
,2.0,4.5,1.0,8107.0,1.0,1.0,11.0,1008343.0
,,1.5,6.0,14026.0,1.0,3.0,8.0,
2935.0,1.0,3.5,11.0,1446.0,2.0,3.0,8.0,1118169.0
3105.0,3.0,2.0,83.0,11586.0,1.0,3.0,8.0,1036244.0
2518.0,4.0,1.5,,4861.0,1.0,3.0,7.0,
1866.0,2.0,2.0,25.0,30413.0,2.0,2.0,8.0,890745.0
2117.0,3.0,2.5,8.0,13339.0,,3.0,7.0,946424.0
2965.0,3.0,2.0,23.0,9817.0,1.0,,6.0,
1346.0,5.0,1.0,,11956.0,1.0,4.0,,
2294.0,6.0,,,3645.0,2.0,,7.0,950329.0
1685.0,1.0,4.0,7.0,29691.0,,4.0,9.0,1019001.0
2022.0,4.0,2.0,13.0,39858.0,1.5,1.0,,1007065.0
3022.0,,2.0,14.0,11095.0,1.5,3.0,6.0,1122345.0
2152.0,3.0,,8.0,,2.0,4.0,8.0,1165191.0
2037.0,4.0,1.0,2.0,5139.0,2.0,3.0,3.0,
,5.0,3.5,1.0,4282.0,2.0,4.0,8.0,925466.0
,5.0,3.5,0.0,,1.0,3.0,6.0,
2516.0,4.0,2.5,31.0,11475.0,1.0,3.0,,
3730.0,3.0,2.0,4.0,5912.0,,3.0,6.0,
1753.0,4.0,3.0,,12459.0,1.0,3.0,7.0,923990.0
2175.0,3.0,2.5,19.0,,1.0,3.0,,
,4.0,3.5,5.0,3645.0,1.0,3.0,10.0,1048383.0
3261.0,3.0,2.5,10.0,12271.0,1.5,3.0,,1041852.0
1923.0,4.0,3.0,2.0,16168.0,2.0,3.0,10.0,1076019.0
2223.0,3.0,2.5,48.0,9294.0,1.0,3.0,8.0,947786.0
2486.0,2.0,2.0,28.0,20376.0,2.0,3.0,6.0,952005.0
2149.0,5.0,4.0,29.0,3059.0,,1.0,6.0,819560.0
1642.0,2.0,,7.0,11782.0,1.0,3.0,8.0,864012.0
2155.0,3.0,2.5,21.0,3177.0,1.5,,7.0,1070221.0
2858.0,3.0,2.0,2.0,3323.0,,4.0,8.0,1187795.0
1178.0,1.0,2.5,,4891.0,1.0,3.0,6.0,865007.0
2106.0,1.0,2.5,0.0,3813.0,1.5,5.0,7.0,1065023.0
1439.0,,1.5,13.0,5227.0,2.5,3.0,12.0,
,5.0,1.0,9.0,6827.0,2.0,4.0,5.0,1162221.0
781.0,,2.5,10.0,15830.0,1.0,,6.0,789156.0
,5.0,3.0,0.0,6267.0,2.0,4.0,5.0,953376.0
2301.0,4.0,2.5,8.0,2279.0,2.0,2.0,8.0,1013566.0
3252.0,3.0,2.0,18.0,20172.0,2.0,3.0,8.0,
1947.0,4.0,3.0,8.0,4147.0,2.0,1.0,5.0,926580.0
1555.0,3.0,1.5,,7731.0,,4.0,3.0,
3504.0,,2.0,3.0,11582.0,,3.0,1.0,1036255.0
841.0,3.0,1.5,25.0,9506.0,1.5,,6.0,746573.0
500.0,,1.5,13.0,,1.5,3.0,6.0,710559.0
2352.0,5.0,2.0,3.0,11887.0,,4.0,12.0,1215210.0
1598.0,5.0,2.0,4.0,4068.0,2.0,2.0,,927664.0
1183.0,5.0,1.0,14.0,46297.0,,2.0,5.0,766189.0
2566.0,3.0,,26.0,9466.0,2.5,3.0,9.0,1100635.0
2195.0,4.0,,8.0,7202.0,2.5,3.0,7.0,1060232.0
1548.0,3.0,2.5,4.0,17520.0,2.0,3.0,7.0,
975.0,3.0,2.0,,9892.0,2.5,4.0,3.0,724077.0
2697.0,3.0,3.5,16.0,11152.0,,,6.0,947287.0
,4.0,1.5,8.0,50000.0,1.0,3.0,10.0,1150708.0
1920.0,2.0,,10.0,6502.0,1.5,,7.0,
3477.0,3.0,1.0,3.0,6284.0,2.0,2.0,6.0,1139045.0
,5.0,,14.0,,1.5,4.0,,771996.0
779.0,3.0,2.5,6.0,19095.0,2.0,5.0,10.0,1016141.0
,2.0,2.5,81.0,2427.0,1.0,2.0,5.0,
,2.0,3.5,9.0,1681.0,1.0,3.0,7.0,
,5.0,,9.0,5066.0,2.0,3.0,11.0,1081256.0
1807.0,3.0,4.0,,2192.0,1.0,4.0,4.0,840853.0
,3.0,1.0,37.0,5768.0,1.0,3.0,,979992.0
998.0,4.0,1.5,,12112.0,1.0,,7.0,
,4.0,1.0,8.0,3973.0,1.0,4.0,8.0,
,3.0,1.5,,,,2.0,6.0,838449.0
,4.0,2.5,13.0,8565.0,1.0,4.0,6.0,1126540.0
2274.0,4.0,,10.0,16155.0,2.0,4.0,8.0,1137434.0
,4.0,,3.0,2088.0,1.0,3.0,5.0,926174.0
2455.0,2.0,4.0,9.0,15618.0,2.0,4.0,6.0,1138133.0
2358.0,5.0,3.5,4.0,15581.0,1.0,4.0,5.0,1107385.0
2514.0,3.0,,36.0,,2.0,3.0,1.0,847534.0
3063.0,3.0,,6.0,21477.0,2.0,3.0,,1260134.0
2157.0,,1.5,45.0,47174.0,1.0,3.0,6.0,962764.0
2567.0,1.0,1.5,11.0,6094.0,2.5,2.0,11.0,1110451.0
1928.0,2.0,1.5,,8845.0,,5.0,4.0,963930.0
3152.0,4.0,,11.0,5807.0,1.5,2.0,7.0,1146892.0
1458.0,1.0,2.0,2.0,8115.0,1.0,,5.0,732017.0
3440.0,3.0,2.0,7.0,27620.0,2.5,3.0,,1212441.0
1967.0,3.0,4.5,1.0,2762.0,2.0,1.0,8.0,930511.0
855.0,2.0,,14.0,,1.0,4.0,4.0,754194.0
2102.0,6.0,4.0,8.0,24385.0,1.0,4.0,,1126254.0
1455.0,3.0,1.5,22.0,18325.0,2.0,3.0,5.0,
2672.0,3.0,2.0,3.0,6060.0,,3.0,7.0,
1477.0,3.0,2.5,,16050.0,2.0,2.0,12.0,1094782.0
1643.0,3.0,1.0,7.0,10646.0,1.5,3.0,9.0,957258.0
500.0,1.0,1.0,39.0,26909.0,2.0,3.0,11.0,
1638.0,4.0,,18.0,8600.0,1.0,3.0,,825932.0
500.0,5.0,2.5,,18407.0,1.0,5.0,4.0,708714.0
732.0,3.0,2.0,10.0,50000.0,2.0,3.0,5.0,769902.0
2608.0,4.0,2.5,1.0,13075.0,3.0,4.0,7.0,1163204.0
,4.0,2.0,62.0,8429.0,,3.0,8.0,
2340.0,4.0,1.0,16.0,14442.0,1.5,3.0,4.0,980917.0
1226.0,3.0,2.0,5.0,6049.0,2.0,4.0,8.0,856733.0
1961.0,3.0,1.5,13.0,,1.5,3.0,,1049955.0
1997.0,3.0,1.5,1.0,9358.0,2.0,,6.0,1042524.0
1073.0,4.0,4.0,50.0,6513.0,2.0,3.0,8.0,870891.0
3202.0,,2.5,2.0,4152.0,1.0,2.0,7.0,1076915.0
,2.0,3.0,15.0,19492.0,3.0,4.0,,1228256.0
1823.0,3.0,2.0,4.0,16215.0,2.0,3.0,4.0,811011.0
2021.0,5.0,2.0,18.0,5443.0,2.5,4.0,8.0,
2166.0,,2.0,22.0,12850.0,2.0,4.0,3.0,904900.0
500.0,,,16.0,,2.5,2.0,5.0,641879.0
,4.0,1.5,,9395.0,1.0,3.0,,876902.0
1454.0,3.0,3.0,33.0,11640.0,,3.0,9.0,773504.0
1198.0,4.0,3.0,1.0,31756.0,2.5,3.0,5.0,843784.0
1775.0,,2.5,6.0,4373.0,1.0,4.0,6.0,995635.0
3438.0,,2.5,4.0,2914.0,1.0,,7.0,
2512.0,3.0,4.0,,3958.0,2.0,3.0,5.0,891249.0
1543.0,4.0,1.0,7.0,2781.0,2.0,4.0,9.0,1017789.0
2458.0,2.0,2.0,19.0,23607.0,1.0,2.0,8.0,1085197.0
3119.0,4.0,2.0,,27970.0,2.5,4.0,4.0,1200540.0
2739.0,,3.0,3.0,10468.0,2.0,3.0,7.0,1079169.0
2047.0,5.0,4.5,,21526.0,1.5,4.0,8.0,1049473.0
1482.0,1.0,2.0,4.0,9019.0,,3.0,6.0,957318.0
2558.0,3.0,3.5,,7509.0,,2.0,7.0,1142667.0
2314.0,4.0,3.5,4.0,6207.0,1.0,,3.0,927936.0
2716.0,,2.0,0.0,6321.0,1.0,2.0,7.0,958517.0
2508.0,,2.0,31.0,2349.0,1.5,5.0,4.0,1026559.0
2839.0,4.0,2.0,,10010.0,1.5,1.0,9.0,989970.0
1571.0,2.0,4.5,6.0,,2.0,4.0,6.0,
3053.0,3.0,,6.0,14710.0,2.0,3.0,5.0,1117092.0
2158.0,,3.0,0.0,8732.0,2.0,,9.0,1104882.0
3660.0,3.0,2.0,,7114.0,2.0,2.0,,976937.0
1448.0,5.0,3.0,26.0,4036.0,1.0,,,
3388.0,4.0,2.0,2.0,8584.0,1.0,3.0,,1181425.0
2158.0,,2.5,2.0,14626.0,2.5,,5.0,1018964.0
1478.0,,3.5,23.0,3246.0,1.0,4.0,10.0,1012292.0
,3.0,,14.0,,1.0,3.0,8.0,979851.0
1743.0,5.0,3.5,,9763.0,2.0,3.0,3.0,869890.0
2339.0,4.0,1.0,14.0,4562.0,1.5,3.0,8.0,1020407.0
2418.0,4.0,,5.0,5063.0,2.5,2.0,7.0,868547.0
1541.0,,1.5,6.0,,1.0,4.0,10.0,1008155.0
,3.0,2.0,22.0,3272.0,1.0,3.0,6.0,909739.0
,4.0,2.5,24.0,10720.0,1.0,2.0,7.0,1137870.0
,2.0,2.0,7.0,3958.0,2.0,,7.0,1129904.0
2349.0,,,44.0,18963.0,1.0,3.0,7.0,902203.0
2030.0,3.0,4.5,7.0,50000.0,1.5,3.0,7.0,1145168.0
2096.0,6.0,1.5,22.0,4069.0,2.5,3.0,5.0,960461.0
2490.0,5.0,3.0,,,2.5,2.0,,1141116.0
1181.0,4.0,2.0,34.0,4530.0,1.0,3.0,7.0,
1794.0,4.0,1.5,35.0,18634.0,1.5,4.0,11.0,1047845.0
665.0,4.0,1.5,1.0,2944.0,1.5,2.0,5.0,649132.0
2319.0,5.0,4.0,41.0,11902.0,2.5,4.0,8.0,1095125.0
2517.0,3.0,3.5,26.0,4030.0,3.0,,10.0,1074808.0
1613.0,3.0,4.0,23.0,6866.0,1.0,4.0,8.0,944376.0
3259.0,2.0,4.5,3.0,3551.0,2.0,3.0,,1294434.0
1019.0,4.0,2.0,24.0,15644.0,,3.0,9.0,757495.0
828.0,4.0,,,4148.0,1.0,,6.0,752360.0
2179.0,3.0,3.0,5.0,12601.0,,2.0,7.0,988244.0
,,,45.0,6153.0,,3.0,4.0,890239.0
3347.0,4.0,2.0,0.0,7393.0,1.5,,7.0,1191677.0
1632.0,1.0,2.0,2.0,9119.0,1.0,3.0,5.0,738446.0
,,2.5,11.0,4405.0,2.0,3.0,,1104874.0
,6.0,2.5,12.0,9588.0,1.0,3.0,7.0,981472.0
1861.0,3.0,1.5,15.0,,2.0,4.0,6.0,1039556.0
2706.0,,,0.0,4348.0,1.0,3.0,5.0,1004271.0
2521.0,4.0,2.5,48.0,20690.0,1.0,3.0,,
,4.0,2.5,0.0,26862.0,1.5,3.0,3.0,694445.0
3181.0,3.0,2.0,2.0,4217.0,1.0,3.0,2.0,997926.0
3104.0,5.0,,0.0,2529.0,1.5,3.0,5.0,1199019.0
1499.0,2.0,1.0,,10317.0,1.0,4.0,11.0,1038260.0
2316.0,3.0,2.0,,5229.0,1.5,3.0,11.0,1048285.0
2395.0,4.0,3.0,16.0,36130.0,,1.0,8.0,1060284.0
,5.0,2.5,25.0,8331.0,2.0,3.0,9.0,1093737.0
1559.0,2.0,2.0,0.0,4265.0,2.0,,,859709.0
,4.0,,11.0,3236.0,1.0,4.0,11.0,1096369.0
1979.0,4.0,2.5,9.0,19378.0,1.5,4.0,4.0,1002329.0
,3.0,3.0,10.0,5130.0,1.0,2.0,4.0,956602.0
2434.0,2.0,3.0,,8392.0,,2.0,4.0,953977.0
1703.0,,2.5,17.0,17407.0,1.0,3.0,7.0,919109.0
2617.0,2.0,2.5,10.0,5500.0,1.5,3.0,8.0,
,3.0,1.5,21.0,7810.0,,3.0,6.0,649645.0
2919.0,3.0,2.0,9.0,7996.0,,4.0,11.0,
608.0,,2.0,2.0,13997.0,1.5,3.0,6.0,686614.0
1710.0,4.0,2.5,15.0,12998.0,2.0,,,897512.0
1104.0,4.0,2.5,2.0,6794.0,1.5,1.0,7.0,636321.0
964.0,,2.0,30.0,8526.0,2.5,4.0,8.0,986892.0
2928.0,,1.0,14.0,6018.0,,3.0,9.0,
,4.0,2.5,2.0,2484.0,1.0,4.0,7.0,938667.0
,4.0,2.0,49.0,9957.0,2.0,3.0,7.0,945935.0
1962.0,5.0,3.0,10.0,36818.0,1.5,,5.0,
2381.0,1.0,1.0,1.0,3995.0,2.0,4.0,7.0,990681.0
,4.0,2.5,14.0,4365.0,2.0,4.0,12.0,1181510.0
973.0,2.0,4.0,,4037.0,1.0,3.0,,655824.0
2797.0,3.0,1.5,24.0,14467.0,2.0,,9.0,1112770.0
1604.0,3.0,,25.0,,1.0,4.0,7.0,914873.0
,3.0,1.5,,7137.0,,3.0,5.0,519697.0
,3.0,2.5,10.0,3887.0,1.0,2.0,11.0,970302.0
3200.0,,2.5,9.0,8724.0,2.0,4.0,,
2680.0,3.0,2.0,,2317.0,1.0,2.0,6.0,943076.0
1721.0,,2.5,2.0,9088.0,1.0,1.0,5.0,788534.0
1720.0,,3.5,11.0,16272.0,2.0,1.0,5.0,882436.0
1742.0,2.0,1.5,11.0,2978.0,1.0,3.0,9.0,904573.0
3661.0,,1.0,1.0,2377.0,1.0,3.0,7.0,1200270.0
2305.0,3.0,3.5,,28668.0,,,10.0,
2344.0,3.0,2.5,28.0,4967.0,,,5.0,893565.0
2824.0,4.0,,29.0,20105.0,1.5,3.0,4.0,1026033.0
2191.0,3.0,2.5,1.0,7163.0,1.0,3.0,1.0,808156.0
1792.0,2.0,3.5,1.0,7118.0,3.0,2.0,,1009904.0
1842.0,3.0,2.0,4.0,,2.0,,13.0,1165427.0
,,3.0,31.0,3995.0,1.0,3.0,8.0,1023457.0
1970.0,,4.0,2.0,9009.0,1.0,,6.0,1051338.0
,4.0,2.5,19.0,5971.0,1.5,2.0,9.0,1017769.0
2041.0,4.0,1.5,1.0,,2.0,4.0,8.0,1085752.0
,2.0,2.0,14.0,10614.0,1.0,,,812894.0
,3.0,1.5,6.0,6563.0,1.0,2.0,9.0,974401.0
2062.0,4.0,2.0,23.0,7146.0,2.5,4.0,6.0,845621.0
500.0,2.0,2.0,3.0,3077.0,1.0,,4.0,652414.0
,3.0,2.5,15.0,28944.0,,3.0,5.0,
2277.0,3.0,2.5,4.0,,2.5,4.0,,1042565.0
2798.0,,2.0,18.0,17523.0,2.0,3.0,6.0,1028083.0
500.0,6.0,,31.0,6346.0,1.0,4.0,5.0,674006.0
3670.0,2.0,1.5,2.0,2031.0,2.0,3.0,4.0,1100162.0
1888.0,3.0,1.5,30.0,38651.0,,3.0,8.0,
2886.0,2.0,,13.0,7716.0,2.0,3.0,13.0,1260145.0
1168.0,6.0,2.5,2.0,4451.0,1.5,3.0,,
2490.0,2.0,2.0,8.0,11309.0,2.0,,5.0,1026164.0
1157.0,,2.0,2.0,20613.0,3.0,2.0,5.0,843225.0
1500.0,4.0,2.0,18.0,7955.0,2.5,2.0,5.0,854138.0
3531.0,4.0,,21.0,,2.5,3.0,4.0,1229044.0
,3.0,1.0,1.0,19271.0,1.5,3.0,7.0,
2173.0,,2.5,10.0,3425.0,1.0,2.0,7.0,
2696.0,3.0,3.0,25.0,4726.0,1.5,3.0,8.0,1032427.0
2396.0,3.0,3.0,41.0,17431.0,2.0,4.0,8.0,1108435.0
2120.0,3.0,4.0,10.0,,2.5,3.0,5.0,994913.0
2291.0,,1.0,45.0,7189.0,1.0,3.0,6.0,898811.0
3922.0,3.0,1.5,,,2.5,4.0,8.0,1405422.0
1953.0,3.0,3.5,7.0,5534.0,2.0,3.0,6.0,957586.0
2160.0,4.0,2.5,28.0,,3.0,4.0,5.0,999067.0
2840.0,5.0,,10.0,6083.0,2.5,4.0,6.0,1098646.0
2884.0,4.0,3.0,9.0,5209.0,1.0,3.0,5.0,1148784.0
2949.0,2.0,,,3368.0,1.0,3.0,3.0,939258.0
2510.0,2.0,4.0,28.0,50000.0,1.0,3.0,9.0,1132089.0
,5.0,4.5,26.0,36097.0,1.0,3.0,9.0,
3306.0,3.0,3.0,7.0,3198.0,2.0,4.0,5.0,1123051.0
1082.0,,2.0,,28729.0,2.0,3.0,3.0,703286.0
2242.0,4.0,3.5,10.0,5886.0,2.5,3.0,8.0,
1396.0,4.0,1.0,12.0,8985.0,2.0,3.0,5.0,737080.0
1948.0,4.0,2.0,4.0,7703.0,1.0,1.0,6.0,807340.0
2263.0,,3.5,23.0,4780.0,1.0,1.0,3.0,872458.0
2257.0,1.0,2.0,,17802.0,1.0,4.0,5.0,984936.0
2337.0,5.0,2.0,6.0,8961.0,1.0,3.0,8.0,1104767.0
3290.0,3.0,1.5,1.0,,1.5,3.0,9.0,1265928.0
2362.0,4.0,3.5,4.0,2853.0,1.0,3.0,5.0,1070712.0
,,,44.0,3964.0,1.0,4.0,,
2771.0,4.0,,,,1.0,,4.0,935513.0
2951.0,3.0,2.0,,8182.0,,4.0,3.0,1001827.0
1017.0,3.0,3.0,9.0,3110.0,1.5,,,971783.0
2477.0,4.0,,5.0,6552.0,1.5,4.0,8.0,1119125.0
2560.0,5.0,2.0,0.0,24247.0,1.5,3.0,7.0,1094645.0
1761.0,5.0,2.0,5.0,21150.0,3.0,3.0,8.0,1059415.0
3100.0,2.0,2.0,11.0,7896.0,1.0,3.0,,1147556.0
1879.0,2.0,4.5,12.0,7557.0,1.5,3.0,9.0,
2100.0,5.0,2.5,6.0,36457.0,2.0,2.0,,754136.0
1861.0,,4.0,8.0,,2.0,3.0,5.0,900086.0
2012.0,5.0,2.0,50.0,6233.0,2.5,3.0,8.0,926304.0
,3.0,3.0,,2589.0,1.0,2.0,6.0,739124.0
847.0,4.0,3.0,,11104.0,,4.0,12.0,964274.0
3275.0,4.0,3.0,4.0,15732.0,1.0,3.0,8.0,1197173.0
1322.0,4.0,4.0,9.0,4888.0,2.0,4.0,,1015526.0
1206.0,3.0,2.0,21.0,,1.0,3.0,5.0,735065.0
500.0,1.0,1.5,3.0,6058.0,1.0,3.0,9.0,689461.0
1488.0,4.0,3.0,18.0,6993.0,,3.0,6.0,818240.0
941.0,3.0,3.0,0.0,1107.0,,3.0,12.0,902429.0
3313.0,3.0,2.5,8.0,,1.0,5.0,4.0,1128844.0
,5.0,2.0,,17597.0,2.0,3.0,7.0,1065921.0
1449.0,3.0,,,4889.0,,4.0,8.0,1007467.0
3801.0,4.0,2.0,12.0,8450.0,1.0,4.0,6.0,1250342.0
2785.0,2.0,2.0,3.0,,1.5,3.0,7.0,1056607.0
1740.0,4.0,,,10811.0,2.0,4.0,12.0,1084747.0
500.0,,3.0,0.0,6814.0,1.5,3.0,6.0,797154.0
3832.0,,,28.0,3822.0,1.0,5.0,7.0,1267979.0
888.0,1.0,2.0,3.0,23530.0,1.0,4.0,3.0,713394.0
683.0,3.0,2.0,31.0,17037.0,2.0,1.0,9.0,
2818.0,2.0,1.5,6.0,4994.0,2.5,4.0,7.0,1138169.0
,4.0,3.0,19.0,12067.0,2.0,3.0,,1296464.0
,5.0,4.0,5.0,,1.0,3.0,,1019638.0
2451.0,3.0,,35.0,13545.0,1.5,3.0,7.0,1013023.0
2475.0,3.0,3.0,2.0,2089.0,2.5,2.0,1.0,811088.0
2682.0,,,2.0,18129.0,1.0,3.0,1.0,903638.0
2607.0,,3.5,10.0,5137.0,3.0,4.0,7.0,1175792.0
2224.0,1.0,1.5,1.0,6085.0,2.5,1.0,5.0,860374.0
2083.0,4.0,4.0,3.0,50000.0,1.0,3.0,5.0,1068830.0
1949.0,4.0,2.0,43.0,10316.0,2.5,1.0,8.0,926501.0
1396.0,4.0,2.0,56.0,5948.0,1.0,3.0,3.0,575047.0
1775.0,,,,1388.0,2.0,4.0,6.0,863303.0
645.0,,2.5,38.0,24632.0,1.5,,4.0,710992.0
1921.0,2.0,1.5,11.0,,1.5,4.0,7.0,904955.0
1209.0,2.0,2.0,4.0,3630.0,2.0,3.0,8.0,1031498.0
,5.0,2.0,18.0,6216.0,2.0,3.0,8.0,896767.0
2143.0,4.0,3.5,16.0,25162.0,1.0,4.0,5.0,1002857.0
,1.0,3.5,67.0,,2.0,4.0,,924258.0
2734.0,3.0,2.0,4.0,7141.0,1.0,3.0,3.0,914373.0
743.0,3.0,3.5,16.0,10369.0,1.0,,6.0,743695.0
1208.0,,3.5,0.0,5012.0,1.0,4.0,,998823.0
2752.0,,3.0,1.0,9060.0,1.5,4.0,5.0,1060585.0
1214.0,2.0,1.5,0.0,8592.0,1.0,3.0,5.0,742626.0
1820.0,3.0,3.0,100.0,17588.0,1.0,4.0,4.0,787390.0
2440.0,4.0,4.0,,17566.0,1.0,1.0,,1039357.0
1225.0,4.0,,23.0,12030.0,1.0,3.0,8.0,881411.0
2084.0,4.0,2.0,10.0,,1.5,3.0,7.0,907163.0
932.0,2.0,2.5,5.0,14668.0,,,9.0,893061.0
1518.0,5.0,2.5,2.0,7528.0,1.0,1.0,7.0,918470.0
2255.0,4.0,,5.0,,2.5,2.0,4.0,978059.0
725.0,4.0,1.5,,5868.0,2.0,3.0,5.0,755207.0
2352.0,4.0,2.0,,8669.0,2.0,4.0,8.0,1151259.0
,5.0,3.5,11.0,16783.0,2.0,5.0,7.0,1118835.0
2441.0,3.0,3.5,,6996.0,2.0,3.0,,1106547.0
2179.0,3.0,,,3079.0,1.0,3.0,8.0,960969.0
3091.0,,4.0,,8479.0,1.5,,7.0,
2100.0,,2.0,7.0,8872.0,2.0,2.0,9.0,1087220.0
1656.0,4.0,3.0,,9401.0,2.0,,7.0,899730.0
2097.0,3.0,3.0,15.0,16914.0,2.0,4.0,8.0,1032305.0
2434.0,2.0,3.5,24.0,18308.0,1.0,2.0,5.0,915590.0
2039.0,3.0,4.0,9.0,5037.0,2.0,4.0,8.0,1063590.0
2032.0,5.0,2.0,6.0,4949.0,1.5,4.0,10.0,1149655.0
,4.0,3.5,1.0,3525.0,1.0,1.0,6.0,775087.0
,3.0,1.5,,14172.0,1.0,2.0,8.0,894615.0
877.0,3.0,3.0,22.0,25823.0,,1.0,8.0,711712.0
3399.0,,3.0,2.0,,2.5,3.0,3.0,1160630.0
1004.0,5.0,3.0,,6679.0,,3.0,7.0,810215.0
1445.0,4.0,2.0,10.0,26197.0,2.0,3.0,4.0,751344.0
1425.0,4.0,3.5,,12142.0,1.5,3.0,11.0,1041427.0
2715.0,3.0,,43.0,11487.0,1.0,4.0,9.0,
1764.0,4.0,1.0,13.0,3125.0,1.0,3.0,4.0,736369.0
2998.0,3.0,3.0,11.0,13946.0,1.0,1.0,4.0,863523.0
,4.0,2.5,0.0,3853.0,,,7.0,893437.0
2223.0,3.0,3.5,0.0,3270.0,1.0,3.0,,1030781.0
1331.0,3.0,2.0,3.0,6140.0,2.0,3.0,2.0,
3716.0,4.0,1.5,,5071.0,,3.0,7.0,1242377.0
1049.0,5.0,3.5,,,1.0,2.0,6.0,786864.0
2247.0,2.0,,,2558.0,1.0,4.0,4.0,889805.0
2507.0,,1.5,2.0,17449.0,1.0,5.0,9.0,1122461.0
2331.0,3.0,3.0,27.0,19973.0,1.5,3.0,10.0,1029051.0
1851.0,3.0,2.5,,1706.0,1.0,3.0,,948903.0
,1.0,2.5,,17725.0,1.0,3.0,9.0,983817.0
2035.0,,2.5,4.0,4236.0,2.5,4.0,,1017771.0
1882.0,3.0,3.5,6.0,16084.0,2.0,3.0,5.0,977333.0
2771.0,2.0,3.5,4.0,7671.0,1.0,4.0,,1090248.0
3768.0,3.0,3.0,10.0,8291.0,1.5,3.0,,1252267.0
1554.0,5.0,1.5,7.0,6987.0,1.0,,10.0,
904.0,,3.5,64.0,21369.0,2.0,3.0,8.0,782941.0
1929.0,4.0,3.0,0.0,3005.0,1.5,,9.0,
4063.0,3.0,3.0,2.0,13177.0,,4.0,7.0,
1357.0,4.0,2.0,0.0,19556.0,2.0,1.0,6.0,772945.0
,3.0,3.5,,14372.0,1.0,3.0,6.0,1104841.0
3342.0,2.0,3.0,0.0,50000.0,1.0,3.0,3.0,1134217.0
,2.0,1.5,27.0,5307.0,1.0,3.0,2.0,616995.0
2455.0,2.0,2.0,10.0,17428.0,1.5,4.0,8.0,1090699.0
3302.0,2.0,3.5,11.0,7443.0,1.0,4.0,6.0,
1696.0,4.0,1.0,,21735.0,1.0,4.0,7.0,942912.0
1837.0,5.0,4.0,2.0,8053.0,1.0,5.0,7.0,1043836.0
,4.0,3.0,3.0,,,3.0,5.0,821032.0
1188.0,4.0,2.5,5.0,23037.0,,4.0,7.0,
1480.0,2.0,2.0,13.0,5468.0,1.0,4.0,,892939.0
1020.0,3.0,2.0,3.0,2617.0,1.0,3.0,,792789.0
2027.0,3.0,4.0,1.0,5358.0,,4.0,9.0,1081235.0
1384.0,3.0,2.0,52.0,,,2.0,7.0,833224.0
2187.0,3.0,3.0,0.0,24677.0,,4.0,7.0,1088673.0
755.0,3.0,2.0,24.0,8856.0,1.5,3.0,9.0,873971.0
2264.0,3.0,1.5,23.0,23261.0,1.0,3.0,9.0,1000015.0
2666.0,3.0,,,2733.0,2.0,3.0,9.0,1001037.0
500.0,4.0,2.5,2.0,5683.0,2.0,3.0,5.0,734475.0
2299.0,,4.5,2.0,6432.0,1.0,3.0,2.0,923141.0
2982.0,3.0,2.0,,7393.0,2.5,1.0,5.0,
1032.0,5.0,2.0,,8666.0,1.0,3.0,,722020.0
3338.0,5.0,2.0,22.0,14083.0,,3.0,10.0,1295137.0
2335.0,3.0,2.5,41.0,5676.0,2.5,4.0,,
1435.0,3.0,,17.0,9056.0,2.0,4.0,,771244.0
1955.0,3.0,,2.0,7815.0,2.5,3.0,,966461.0
2446.0,5.0,,4.0,3863.0,2.0,4.0,4.0,1032836.0
,5.0,2.5,27.0,7398.0,,3.0,7.0,
2431.0,2.0,1.5,3.0,7223.0,1.5,4.0,,
,3.0,,1.0,7100.0,1.0,3.0,9.0,
2135.0,4.0,2.0,,8311.0,1.0,3.0,,
869.0,3.0,1.0,7.0,8608.0,2.0,3.0,5.0,702064.0
1911.0,2.0,3.0,37.0,5733.0,1.0,1.0,6.0,595060.0
1276.0,5.0,2.5,,,1.0,4.0,5.0,838748.0
1411.0,4.0,2.0,,3179.0,2.0,4.0,6.0,903914.0
2988.0,4.0,2.0,44.0,4551.0,2.5,3.0,10.0,1181985.0
2873.0,5.0,3.0,4.0,50000.0,1.0,3.0,7.0,1201516.0
2487.0,4.0,1.5,6.0,,1.0,4.0,8.0,1102495.0
1126.0,3.0,3.5,7.0,,1.0,,,
1746.0,4.0,,0.0,14582.0,2.0,3.0,2.0,830222.0
2970.0,2.0,2.0,10.0,1538.0,,3.0,3.0,851600.0
2113.0,4.0,2.5,,6712.0,2.0,3.0,7.0,959958.0
3855.0,2.0,2.0,7.0,,,3.0,8.0,1302093.0
2314.0,4.0,3.0,6.0,2354.0,1.0,2.0,5.0,980621.0
2153.0,3.0,2.5,22.0,1659.0,2.5,3.0,8.0,1020328.0
1752.0,2.0,2.0,24.0,2442.0,,4.0,9.0,
2106.0,2.0,2.5,2.0,16625.0,1.5,3.0,6.0,963673.0
1878.0,1.0,4.5,6.0,19926.0,1.0,5.0,8.0,
2566.0,,,7.0,5377.0,1.5,4.0,6.0,1033954.0
2765.0,4.0,4.0,,13996.0,1.5,4.0,8.0,1239610.0
1371.0,3.0,2.0,24.0,24641.0,,3.0,8.0,809663.0
935.0,2.0,1.0,18.0,33856.0,1.0,,13.0,1028614.0
531.0,2.0,2.0,3.0,6653.0,1.0,1.0,6.0,
2406.0,1.0,2.0,6.0,,2.0,3.0,6.0,999747.0
1117.0,2.0,2.0,1.0,,,3.0,,784006.0
500.0,5.0,,14.0,5759.0,,,5.0,
2310.0,3.0,4.0,1.0,,2.0,4.0,8.0,1105592.0
3994.0,3.0,3.5,63.0,6972.0,,4.0,10.0,
1995.0,2.0,3.0,22.0,19833.0,1.0,1.0,6.0,
2670.0,3.0,,7.0,,1.0,,4.0,921795.0
,3.0,,12.0,7063.0,1.0,3.0,5.0,993938.0
1920.0,4.0,1.0,36.0,19512.0,1.0,3.0,7.0,922499.0
2735.0,3.0,3.0,12.0,10787.0,1.5,4.0,5.0,1158188.0
1767.0,2.0,4.0,2.0,8532.0,,3.0,5.0,951568.0
2213.0,3.0,2.0,7.0,16734.0,2.5,,8.0,
2257.0,3.0,1.5,27.0,,1.0,2.0,1.0,694631.0
1465.0,,2.5,15.0,42034.0,,3.0,7.0,980239.0
2793.0,5.0,2.0,15.0,2563.0,,3.0,8.0,1142951.0
1860.0,4.0,2.0,30.0,5366.0,2.0,3.0,5.0,822864.0
1395.0,4.0,2.5,,7323.0,1.0,3.0,7.0,749396.0
2429.0,3.0,3.0,37.0,11516.0,1.0,4.0,,1209770.0
1281.0,3.0,1.5,1.0,22345.0,1.0,4.0,,929782.0
2022.0,3.0,1.0,11.0,7946.0,1.0,3.0,6.0,
1992.0,4.0,4.5,,2597.0,2.0,3.0,6.0,971660.0
,,2.0,21.0,15898.0,,2.0,9.0,1084859.0
2379.0,2.0,1.0,13.0,14823.0,1.0,3.0,8.0,1003632.0
1979.0,3.0,1.5,2.0,1713.0,2.0,3.0,6.0,987623.0
2654.0,,1.0,23.0,8078.0,2.0,2.0,4.0,879028.0
3112.0,5.0,2.0,19.0,2270.0,1.5,4.0,3.0,979704.0
2446.0,4.0,3.5,1.0,4761.0,2.0,4.0,3.0,998339.0
2008.0,3.0,2.0,9.0,3935.0,1.0,,7.0,949849.0
950.0,2.0,2.0,2.0,15481.0,,3.0,3.0,747656.0
1147.0,4.0,,6.0,,1.0,4.0,6.0,923397.0
1755.0,2.0,2.5,0.0,2897.0,2.0,3.0,8.0,966420.0
1512.0,3.0,3.5,7.0,,2.5,3.0,5.0,831129.0
,2.0,3.5,11.0,2573.0,1.0,5.0,8.0,966351.0
2045.0,,1.0,14.0,10552.0,1.5,,,980110.0
2423.0,,3.0,16.0,4225.0,,1.0,,878716.0
1943.0,,,27.0,6047.0,1.5,4.0,8.0,965312.0
2389.0,5.0,4.5,3.0,12129.0,1.0,4.0,8.0,1144599.0
2051.0,3.0,2.5,1.0,12297.0,1.0,4.0,6.0,962604.0
,3.0,4.5,28.0,23613.0,2.0,3.0,5.0,722056.0
1248.0,3.0,3.0,2.0,7587.0,2.0,3.0,7.0,766235.0
1884.0,1.0,2.0,55.0,,1.5,,,932741.0
,4.0,,27.0,5709.0,1.0,2.0,7.0,
2479.0,2.0,4.5,,9373.0,1.0,3.0,4.0,1017971.0
3224.0,3.0,3.5,59.0,11517.0,1.0,3.0,8.0,1049943.0
2975.0,4.0,1.5,1.0,7490.0,2.0,3.0,6.0,1110253.0
1829.0,4.0,3.0,,1914.0,,,7.0,1006505.0
,4.0,2.0,15.0,10563.0,,2.0,8.0,1194321.0
2118.0,3.0,1.0,6.0,10847.0,,3.0,7.0,
1730.0,1.0,2.0,39.0,4702.0,2.0,3.0,9.0,885028.0
1509.0,4.0,2.0,1.0,2900.0,1.5,2.0,,
1758.0,3.0,3.5,11.0,26389.0,2.0,3.0,7.0,958286.0
1689.0,4.0,2.0,13.0,,1.0,4.0,,846306.0
2136.0,,,15.0,6746.0,2.0,3.0,9.0,1054190.0
2128.0,4.0,1.0,4.0,3262.0,1.5,3.0,10.0,1084905.0
2002.0,,,6.0,4198.0,2.0,4.0,4.0,934711.0
2349.0,3.0,2.0,27.0,22972.0,2.0,3.0,7.0,1040884.0
2952.0,4.0,2.0,,9046.0,1.0,3.0,5.0,1114856.0
2759.0,3.0,1.0,,5216.0,,3.0,8.0,1142425.0
,2.0,1.5,12.0,12182.0,2.0,4.0,8.0,840397.0
,5.0,2.5,,4223.0,1.0,4.0,4.0,728419.0
2747.0,5.0,2.0,18.0,26921.0,1.0,4.0,9.0,
906.0,3.0,2.0,3.0,23914.0,1.0,4.0,5.0,858978.0
1820.0,2.0,2.0,12.0,5578.0,1.5,,8.0,982731.0
1063.0,,3.5,30.0,,1.0,1.0,7.0,751670.0
558.0,4.0,,8.0,1000.0,2.0,,6.0,766403.0
2433.0,5.0,,50.0,2476.0,,2.0,4.0,788484.0
2607.0,3.0,2.0,,2775.0,2.5,4.0,4.0,938373.0
1538.0,2.0,1.5,,9028.0,1.0,3.0,8.0,889754.0
500.0,5.0,4.0,7.0,6241.0,1.0,1.0,7.0,
1563.0,3.0,1.0,45.0,,1.5,4.0,4.0,718981.0
2313.0,3.0,2.0,5.0,6470.0,1.5,3.0,4.0,953646.0
816.0,5.0,2.0,30.0,12140.0,1.0,,3.0,680877.0
2146.0,,2.0,31.0,,1.0,3.0,8.0,
1987.0,4.0,1.5,6.0,1772.0,,3.0,8.0,
2463.0,2.0,3.0,1.0,7312.0,2.0,3.0,3.0,788640.0
2095.0,3.0,1.5,19.0,2679.0,2.0,2.0,7.0,837470.0
1221.0,4.0,2.5,,16670.0,1.5,,3.0,
2957.0,3.0,1.5,22.0,15173.0,2.0,4.0,10.0,
1873.0,,1.0,8.0,3950.0,2.0,4.0,10.0,1111663.0
1978.0,4.0,4.0,9.0,4390.0,,3.0,8.0,
1253.0,3.0,1.5,22.0,5602.0,3.0,,10.0,946853.0
1645.0,,,7.0,1336.0,2.0,4.0,9.0,1062226.0
1292.0,3.0,2.5,8.0,10601.0,1.0,4.0,9.0,903496.0
1861.0,3.0,1.0,7.0,,1.0,,7.0,839269.0
3369.0,2.0,4.0,6.0,17608.0,,,6.0,1185381.0
902.0,3.0,2.0,11.0,3365.0,1.0,4.0,5.0,710518.0
709.0,3.0,3.5,24.0,4937.0,2.0,3.0,6.0,656700.0
3176.0,4.0,,6.0,2427.0,1.5,2.0,7.0,1137321.0
1832.0,4.0,,11.0,3628.0,,3.0,4.0,
1464.0,4.0,1.0,16.0,3147.0,2.0,2.0,5.0,833752.0
2831.0,1.0,2.5,,17975.0,,3.0,7.0,1108950.0
1515.0,3.0,,4.0,4634.0,2.0,3.0,,886814.0
3460.0,4.0,4.0,40.0,8949.0,1.0,4.0,7.0,1262391.0
2542.0,3.0,4.0,,5975.0,1.0,3.0,10.0,1095179.0
1609.0,1.0,3.5,,2934.0,2.0,3.0,8.0,975751.0
3725.0,4.0,3.5,15.0,7082.0,1.0,3.0,8.0,1273683.0
1515.0,4.0,1.5,0.0,13085.0,1.0,4.0,,986105.0
2593.0,3.0,2.0,14.0,3083.0,2.5,2.0,7.0,1015920.0
2239.0,,,10.0,15479.0,2.0,3.0,,1003620.0
3041.0,4.0,2.0,11.0,4106.0,1.0,2.0,9.0,
3249.0,4.0,2.0,6.0,,2.0,4.0,5.0,1074163.0
2025.0,4.0,2.5,,12388.0,2.0,3.0,3.0,
1397.0,,,,4765.0,1.0,3.0,8.0,842703.0
,4.0,3.0,45.0,8350.0,1.0,3.0,4.0,931402.0
1457.0,3.0,1.5,7.0,6299.0,2.5,4.0,6.0,892135.0
3610.0,2.0,2.0,9.0,8986.0,1.0,3.0,,1077272.0
2109.0,4.0,2.5,0.0,1206.0,1.0,4.0,4.0,992500.0
,4.0,3.0,0.0,1874.0,,4.0,,920805.0
2147.0,4.0,3.0,18.0,13263.0,2.0,4.0,3.0,960002.0
922.0,2.0,2.5,11.0,18578.0,1.0,3.0,8.0,841587.0
1222.0,2.0,,,3911.0,1.0,5.0,9.0,827430.0
2960.0,5.0,2.5,4.0,6666.0,1.0,1.0,6.0,1027248.0
1474.0,4.0,1.5,,,3.0,3.0,9.0,902810.0
1162.0,5.0,,2.0,14109.0,1.0,4.0,5.0,859077.0
2429.0,4.0,2.0,3.0,1600.0,2.0,3.0,6.0,956402.0
,4.0,1.0,,3988.0,2.5,3.0,4.0,957428.0
2575.0,,2.0,,,1.0,3.0,,1125916.0
,5.0,4.0,4.0,14221.0,3.0,3.0,,1225314.0
1394.0,4.0,4.0,15.0,50000.0,,3.0,7.0,1013392.0
862.0,4.0,2.0,15.0,6752.0,2.5,4.0,8.0,886542.0
,2.0,1.0,26.0,2629.0,1.0,4.0,7.0,1068012.0
,3.0,,8.0,11179.0,,3.0,7.0,953001.0
,,2.0,1.0,23313.0,2.0,3.0,10.0,1052673.0
3062.0,3.0,4.0,4.0,8834.0,3.0,4.0,5.0,1230655.0
2444.0,3.0,1.5,58.0,3923.0,,3.0,6.0,847791.0
2364.0,3.0,3.0,13.0,17437.0,2.0,2.0,8.0,1019481.0
3732.0,3.0,,,13778.0,1.0,2.0,,
1485.0,3.0,4.5,0.0,3565.0,1.0,,,802322.0
2742.0,3.0,,10.0,10994.0,1.5,2.0,6.0,1014222.0
2045.0,5.0,3.0,,,2.0,2.0,7.0,992869.0
2214.0,3.0,2.0,12.0,20858.0,1.5,3.0,6.0,997742.0
3222.0,,2.5,38.0,7683.0,1.5,3.0,,1042966.0
2406.0,2.0,1.5,51.0,,3.0,3.0,10.0,992101.0
2430.0,,1.5,11.0,21629.0,1.0,4.0,8.0,
2858.0,3.0,4.0,9.0,3077.0,2.0,4.0,7.0,1186920.0
1708.0,4.0,4.0,43.0,11508.0,1.0,3.0,8.0,898423.0
1328.0,4.0,3.5,16.0,2708.0,1.0,3.0,9.0,942832.0
1164.0,,2.5,1.0,19002.0,2.0,,4.0,920373.0
500.0,3.0,3.5,9.0,6591.0,2.5,1.0,5.0,693845.0
,4.0,1.0,4.0,22356.0,1.5,4.0,7.0,1242512.0
1117.0,3.0,2.0,9.0,12005.0,2.0,,8.0,783421.0
,5.0,,9.0,3045.0,1.0,4.0,,808011.0
1778.0,4.0,2.5,13.0,25328.0,1.0,,12.0,1059968.0
2245.0,3.0,2.0,6.0,28029.0,1.5,3.0,7.0,1063532.0
2652.0,3.0,1.5,2.0,16413.0,,4.0,6.0,1010538.0
2688.0,,2.5,,,1.0,3.0,5.0,1085662.0
,4.0,3.5,26.0,6343.0,1.5,3.0,4.0,864932.0
1866.0,3.0,2.0,16.0,,1.0,3.0,8.0,938732.0
2226.0,4.0,1.5,6.0,4614.0,1.0,,11.0,1181497.0
,3.0,1.5,41.0,31378.0,1.5,,6.0,703565.0
,,2.0,36.0,9094.0,,1.0,11.0,1287106.0
2392.0,4.0,2.0,3.0,1000.0,2.5,3.0,9.0,1079789.0
2587.0,4.0,2.5,0.0,,2.0,2.0,7.0,1055285.0
2530.0,4.0,2.5,,6133.0,1.5,3.0,,968469.0
2938.0,2.0,,,7631.0,2.5,3.0,,1082776.0
2144.0,2.0,2.0,51.0,6033.0,2.0,,7.0,828348.0
962.0,4.0,,33.0,,1.0,2.0,,641290.0
2319.0,3.0,2.0,13.0,19845.0,1.0,3.0,8.0,1006326.0
1478.0,3.0,2.5,11.0,10162.0,2.0,,3.0,683136.0
1577.0,,3.5,,,2.0,1.0,9.0,855683.0
2469.0,3.0,1.5,4.0,7839.0,2.0,2.0,9.0,1066317.0
2990.0,1.0,1.5,9.0,8231.0,2.0,5.0,,1029887.0
2017.0,5.0,3.5,14.0,4264.0,2.0,2.0,6.0,902637.0
2247.0,3.0,2.0,12.0,12876.0,3.0,4.0,7.0,1103965.0
,4.0,3.0,20.0,11708.0,,,7.0,
,1.0,1.0,4.0,27787.0,1.0,2.0,5.0,892253.0
4081.0,,3.0,12.0,22120.0,2.0,3.0,,1288526.0
2452.0,3.0,2.0,1.0,4681.0,1.0,3.0,5.0,938806.0
591.0,5.0,1.0,8.0,15618.0,2.0,5.0,,742465.0
,5.0,2.5,20.0,3786.0,3.0,4.0,1.0,932400.0
2304.0,3.0,2.0,17.0,14139.0,2.0,,4.0,
,5.0,2.0,70.0,5359.0,2.0,3.0,8.0,1063241.0
,6.0,1.5,4.0,3573.0,1.5,3.0,,1234738.0
1889.0,4.0,1.5,,10137.0,1.0,3.0,6.0,884901.0
1020.0,4.0,2.0,,1000.0,,4.0,7.0,908275.0
1832.0,3.0,1.5,8.0,1996.0,,3.0,4.0,821467.0
,4.0,4.0,29.0,7030.0,2.0,3.0,7.0,827350.0
1535.0,,1.0,17.0,8655.0,2.0,3.0,4.0,864426.0
2470.0,2.0,2.5,32.0,6030.0,1.0,1.0,,784311.0
3335.0,6.0,,3.0,2290.0,1.5,,10.0,1281393.0
,3.0,2.0,30.0,4211.0,2.0,3.0,5.0,871320.0
,4.0,,,,1.5,3.0,,1043525.0
2355.0,4.0,1.5,32.0,,1.5,2.0,2.0,
2957.0,,4.0,5.0,7998.0,2.0,4.0,6.0,
1512.0,6.0,2.0,,20444.0,2.0,1.0,4.0,783155.0
1892.0,,3.0,10.0,11135.0,1.5,4.0,6.0,1091878.0
2011.0,1.0,2.5,42.0,4456.0,2.5,2.0,4.0,774479.0
,3.0,3.5,,6474.0,1.0,,6.0,949611.0
2518.0,2.0,2.5,,2637.0,3.0,4.0,6.0,1076958.0
1903.0,1.0,2.5,29.0,7431.0,1.0,2.0,6.0,791838.0
2335.0,3.0,1.5,7.0,19725.0,1.0,3.0,,1025111.0
1290.0,4.0,1.5,3.0,14019.0,2.5,3.0,10.0,979556.0
,4.0,,8.0,24874.0,1.0,2.0,6.0,938672.0
2577.0,,2.0,7.0,,2.0,4.0,5.0,1050627.0
,4.0,2.0,37.0,,2.0,,5.0,
3381.0,3.0,3.0,21.0,6942.0,2.5,3.0,9.0,1314010.0
1680.0,1.0,2.0,10.0,26298.0,3.0,2.0,7.0,
2179.0,4.0,,66.0,7962.0,1.0,3.0,7.0,933268.0
2746.0,4.0,3.0,9.0,14268.0,2.0,4.0,4.0,1110322.0
,4.0,2.5,0.0,26372.0,1.0,,6.0,876842.0
591.0,1.0,3.5,4.0,6941.0,,5.0,5.0,765788.0
779.0,4.0,,8.0,9649.0,2.0,4.0,,922544.0
3010.0,4.0,2.0,2.0,22722.0,1.0,2.0,,1219241.0
1558.0,4.0,2.5,44.0,7285.0,2.0,2.0,3.0,766828.0
,4.0,2.0,21.0,,1.5,4.0,7.0,1265005.0
1548.0,,3.0,4.0,44999.0,,3.0,5.0,
,4.0,4.0,13.0,5564.0,3.0,,6.0,1028106.0
,4.0,2.0,19.0,9200.0,1.0,,9.0,
3604.0,6.0,,,,2.0,3.0,7.0,1174959.0
3649.0,4.0,4.0,32.0,4980.0,2.5,4.0,6.0,1311101.0
2966.0,3.0,,10.0,,1.5,2.0,5.0,
2819.0,4.0,,22.0,9926.0,1.0,2.0,9.0,1111824.0
2474.0,3.0,2.0,,1930.0,2.0,4.0,7.0,1035530.0
,4.0,2.0,10.0,13187.0,1.5,3.0,,1171878.0
2286.0,2.0,4.0,13.0,4851.0,2.0,3.0,4.0,932969.0
2785.0,2.0,2.0,,4425.0,1.5,3.0,7.0,1056607.0
851.0,5.0,2.0,,10942.0,,3.0,6.0,851919.0
1478.0,,,17.0,5384.0,3.0,3.0,4.0,
,2.0,,32.0,6030.0,,1.0,,784311.0
,,,1.0,19271.0,1.5,,7.0,1041598.0
,2.0,2.5,51.0,,2.0,2.0,12.0,866922.0
1861.0,,4.0,8.0,12290.0,2.0,3.0,5.0,900086.0
2289.0,3.0,3.5,30.0,14724.0,,3.0,4.0,868156.0
1608.0,1.0,2.0,39.0,,1.0,,4.0,650630.0
2514.0,3.0,2.0,36.0,,2.0,3.0,1.0,847534.0
3263.0,4.0,2.0,,7038.0,2.0,3.0,3.0,1064788.0
1439.0,2.0,1.5,,,2.5,3.0,12.0,983304.0
2682.0,3.0,3.5,2.0,18129.0,1.0,3.0,1.0,903638.0
1961.0,3.0,1.5,,50000.0,1.5,,6.0,1049955.0
1563.0,,1.0,45.0,2762.0,1.5,4.0,4.0,718981.0
1897.0,3.0,3.0,6.0,3510.0,,3.0,3.0,
531.0,2.0,2.0,3.0,6653.0,1.0,1.0,6.0,
1528.0,3.0,,2.0,3371.0,1.0,4.0,6.0,919724.0
2192.0,1.0,1.0,4.0,27787.0,1.0,2.0,5.0,892253.0
1598.0,,2.5,8.0,17657.0,1.5,,6.0,882522.0
2837.0,1.0,2.5,,6153.0,1.5,,4.0,890239.0
,4.0,2.0,,6070.0,,3.0,5.0,
1899.0,,2.0,4.0,10291.0,2.0,4.0,7.0,985391.0
1065.0,5.0,2.5,1.0,6188.0,,,5.0,796703.0
2104.0,,3.5,7.0,8326.0,2.5,4.0,7.0,1035241.0
3222.0,2.0,2.5,38.0,7683.0,1.5,3.0,,1042966.0
732.0,3.0,2.0,10.0,50000.0,2.0,3.0,5.0,769902.0
3136.0,4.0,2.5,,30907.0,1.0,4.0,13.0,1458294.0
2629.0,4.0,2.5,4.0,4130.0,2.0,3.0,9.0,1176564.0
1852.0,4.0,1.0,0.0,14162.0,1.0,4.0,6.0,926431.0
1396.0,4.0,1.0,12.0,8985.0,2.0,3.0,5.0,
2657.0,2.0,1.5,12.0,5014.0,1.5,4.0,7.0,1061009.0
2503.0,4.0,2.5,0.0,5188.0,1.0,3.0,,1316707.0
2300.0,3.0,2.5,20.0,8407.0,,3.0,7.0,932154.0
2469.0,3.0,1.5,,7839.0,,2.0,9.0,1066317.0
3660.0,,2.0,32.0,5178.0,2.0,3.0,9.0,1153436.0
1608.0,1.0,2.0,39.0,8332.0,,,4.0,650630.0
,5.0,1.5,0.0,42386.0,2.0,3.0,6.0,
2747.0,5.0,2.0,18.0,26921.0,1.0,4.0,9.0,1184308.0
3369.0,2.0,4.0,,17608.0,1.0,3.0,6.0,1185381.0
1861.0,4.0,4.0,8.0,,2.0,3.0,5.0,900086.0
2901.0,4.0,2.5,9.0,8386.0,,3.0,11.0,1257237.0
1586.0,3.0,4.5,14.0,7660.0,2.0,2.0,7.0,785096.0
2231.0,,2.0,12.0,15201.0,1.5,3.0,5.0,940894.0
1820.0,,3.0,100.0,17588.0,1.0,4.0,4.0,787390.0
2344.0,3.0,2.5,,4967.0,1.0,3.0,5.0,893565.0
1221.0,4.0,2.5,5.0,16670.0,1.5,3.0,3.0,720208.0
2879.0,4.0,,29.0,9222.0,2.0,3.0,2.0,928931.0
1386.0,5.0,2.5,14.0,,1.5,3.0,7.0,863374.0
1292.0,3.0,2.5,8.0,10601.0,1.0,4.0,9.0,903496.0
2237.0,3.0,2.0,10.0,17436.0,2.0,3.0,4.0,963115.0
2145.0,4.0,2.0,26.0,5485.0,2.5,4.0,5.0,1039128.0
2270.0,1.0,3.5,24.0,7755.0,1.0,,3.0,878606.0
1638.0,4.0,3.0,18.0,,,3.0,,825932.0
2010.0,2.0,2.0,13.0,5825.0,,3.0,6.0,855565.0
1872.0,2.0,4.5,,6148.0,1.0,3.0,,771492.0
1273.0,3.0,2.0,2.0,11005.0,1.0,,6.0,814952.0
2437.0,5.0,1.0,18.0,2794.0,2.0,3.0,7.0,1073327.0
,4.0,,8.0,4116.0,1.0,3.0,7.0,
1972.0,2.0,1.5,12.0,50000.0,1.0,5.0,6.0,1000236.0
1775.0,4.0,2.5,6.0,4373.0,1.0,4.0,,995635.0
,3.0,2.0,3.0,6060.0,2.0,3.0,,1092047.0
2223.0,3.0,,48.0,9294.0,1.0,3.0,8.0,947786.0
2249.0,1.0,,0.0,,1.0,,4.0,927316.0
3285.0,4.0,2.0,36.0,9094.0,2.0,1.0,11.0,
1632.0,3.0,3.0,15.0,14117.0,1.0,3.0,10.0,985947.0
2248.0,6.0,2.5,61.0,4680.0,1.0,1.0,,
2138.0,2.0,3.0,12.0,,2.0,4.0,9.0,1115092.0
1004.0,5.0,3.0,10.0,,1.5,,7.0,810215.0
2011.0,1.0,2.5,42.0,4456.0,2.5,2.0,4.0,
2431.0,4.0,,1.0,1692.0,2.0,4.0,8.0,1180760.0
1538.0,,1.0,,,2.0,,6.0,
1752.0,4.0,2.0,13.0,2857.0,1.0,3.0,8.0,
2930.0,3.0,2.0,30.0,9265.0,,5.0,10.0,1250806.0
2950.0,4.0,,0.0,41900.0,1.0,3.0,,
1691.0,3.0,1.0,13.0,15915.0,1.0,1.0,6.0,
500.0,3.0,4.0,7.0,2076.0,3.0,,7.0,717823.0
1457.0,3.0,1.5,7.0,6299.0,2.5,,,892135.0
1150.0,2.0,3.0,37.0,7042.0,2.0,,10.0,830598.0
1454.0,3.0,3.0,33.0,11640.0,1.0,3.0,9.0,
2187.0,3.0,,0.0,24677.0,2.0,,7.0,1088673.0
1838.0,3.0,2.0,13.0,1418.0,1.0,3.0,9.0,1002000.0
1550.0,3.0,3.0,0.0,6144.0,2.0,3.0,6.0,891759.0
2138.0,,3.0,12.0,,2.0,4.0,9.0,
3335.0,6.0,1.5,3.0,2290.0,1.5,4.0,10.0,1281393.0
2597.0,2.0,3.0,0.0,3916.0,1.5,3.0,9.0,1082551.0
2381.0,,1.0,1.0,3995.0,2.0,4.0,7.0,990681.0
,,4.0,,12290.0,2.0,,,900086.0
1265.0,3.0,,1.0,7560.0,2.0,3.0,6.0,858808.0
3660.0,5.0,2.0,32.0,5178.0,2.0,3.0,9.0,1153436.0
,5.0,3.0,4.0,44999.0,2.0,3.0,5.0,984546.0
2590.0,3.0,,1.0,2685.0,2.5,4.0,6.0,1135956.0
1650.0,4.0,,,24874.0,1.0,2.0,6.0,938672.0
1031.0,3.0,2.0,6.0,8730.0,2.0,3.0,3.0,702681.0
2019.0,,,9.0,,1.0,2.0,,
2032.0,5.0,2.0,,4949.0,1.5,4.0,10.0,1149655.0
2400.0,4.0,4.5,3.0,,,5.0,9.0,1316120.0
2011.0,,2.5,1.0,12880.0,1.0,3.0,5.0,937210.0
,3.0,,0.0,23555.0,2.5,3.0,5.0,885858.0
,4.0,3.5,3.0,6516.0,1.5,4.0,,864223.0
3004.0,4.0,2.0,2.0,,2.5,1.0,9.0,
3369.0,2.0,4.0,6.0,17608.0,1.0,3.0,6.0,1185381.0
4463.0,3.0,4.0,0.0,7915.0,,3.0,7.0,1356760.0
1929.0,4.0,3.0,0.0,3005.0,1.5,,,
873.0,,2.5,,6928.0,,5.0,8.0,1002073.0
,5.0,2.5,21.0,3928.0,2.0,1.0,6.0,773242.0
1458.0,3.0,1.0,19.0,11093.0,1.5,3.0,4.0,780857.0
2517.0,3.0,3.5,26.0,4030.0,3.0,2.0,10.0,1074808.0
1395.0,3.0,2.0,3.0,8329.0,1.0,3.0,9.0,
2171.0,4.0,3.5,,6918.0,3.0,3.0,8.0,1114123.0
2842.0,3.0,3.0,15.0,15622.0,,4.0,8.0,1199550.0
2506.0,4.0,2.0,,8150.0,1.5,3.0,3.0,898381.0
2379.0,3.0,2.5,1.0,21206.0,1.0,,,885826.0
1273.0,6.0,4.0,8.0,,1.0,2.0,8.0,
2824.0,4.0,1.5,55.0,,1.0,2.0,3.0,709502.0
2246.0,4.0,2.5,16.0,10261.0,2.0,2.0,2.0,784882.0
1861.0,3.0,1.5,,27564.0,2.0,,6.0,
1281.0,3.0,1.5,1.0,22345.0,1.0,4.0,,
